Order ID,Product,Quantity Ordered,Price Each,Purchase Address,Branch,Gender,Payment,Date
176558,USB-C Charging Cable,2,11.95,"917 1st St, Dallas, TX 75001",A,Female,Ewallet,01-01-2019
176559,Bose SoundSport Headphones,1,99.99,"682 Chestnut St, Boston, MA 02215",C,Female,Cash,01-01-2019
176560,Google Phone,1,600,"669 Spruce St, Los Angeles, CA 90001",A,Male,Credit card,01-01-2019
176560,Wired Headphones,1,11.99,"669 Spruce St, Los Angeles, CA 90001",A,Male,Ewallet,01-01-2019
176561,Wired Headphones,1,11.99,"333 8th St, Los Angeles, CA 90001",A,Male,Ewallet,01-01-2019
176562,USB-C Charging Cable,1,11.95,"381 Wilson St, San Francisco, CA 94016",C,Male,Ewallet,01-01-2019
176563,Bose SoundSport Headphones,1,99.99,"668 Center St, Seattle, WA 98101",A,Female,Ewallet,01-01-2019
176564,USB-C Charging Cable,1,11.95,"790 Ridge St, Atlanta, GA 30301",C,Female,Ewallet,01-01-2019
176565,Macbook Pro Laptop,1,1700,"915 Willow St, San Francisco, CA 94016",A,Female,Credit card,01-01-2019
176566,Wired Headphones,1,11.99,"83 7th St, Boston, MA 02215",B,Female,Credit card,01-01-2019
176567,Google Phone,1,600,"444 7th St, Los Angeles, CA 90001",B,Female,Ewallet,01-01-2019
176568,Lightning Charging Cable,1,14.95,"438 Elm St, Seattle, WA 98101",B,Male,Cash,01-01-2019
176569,27in 4K Gaming Monitor,1,389.99,"657 Hill St, Dallas, TX 75001",A,Female,Ewallet,02-01-2019
176570,AA Batteries (4-pack),1,3.84,"186 12th St, Dallas, TX 75001",A,Male,Ewallet,02-01-2019
176571,Lightning Charging Cable,1,14.95,"253 Johnson St, Atlanta, GA 30301",A,Female,Cash,02-01-2019
176572,Apple Airpods Headphones,1,150,"149 Dogwood St, New York City, NY 10001",B,Female,Cash,02-01-2019
176573,USB-C Charging Cable,1,11.95,"214 Chestnut St, San Francisco, CA 94016",A,Female,Credit card,02-01-2019
176574,Google Phone,1,600,"20 Hill St, Los Angeles, CA 90001",A,Male,Credit card,02-01-2019
176574,USB-C Charging Cable,1,11.95,"20 Hill St, Los Angeles, CA 90001",A,Male,Credit card,03-01-2019
176575,AAA Batteries (4-pack),1,2.99,"433 Hill St, New York City, NY 10001",B,Female,Ewallet,03-01-2019
176576,Apple Airpods Headphones,1,150,"771 Ridge St, Los Angeles, CA 90001",C,Male,Ewallet,03-01-2019
176577,Apple Airpods Headphones,1,150,"260 Spruce St, Dallas, TX 75001",B,Male,Ewallet,03-01-2019
176578,Apple Airpods Headphones,1,150,"513 Church St, Boston, MA 02215",B,Male,Credit card,03-01-2019
176579,AA Batteries (4-pack),1,3.84,"886 Jefferson St, New York City, NY 10001",A,Male,Ewallet,03-01-2019
176580,USB-C Charging Cable,1,11.95,"886 Willow St, Los Angeles, CA 90001",A,Male,Ewallet,03-01-2019
176581,iPhone,1,700,"84 Jackson St, Boston, MA 02215",A,Female,Credit card,03-01-2019
176582,Bose SoundSport Headphones,1,99.99,"178 Lincoln St, Atlanta, GA 30301",B,Male,Cash,03-01-2019
176583,AAA Batteries (4-pack),2,2.99,"146 Jackson St, Portland, OR 97035",A,Female,Credit card,03-01-2019
176584,Flatscreen TV,1,300,"936 Church St, San Francisco, CA 94016",B,Female,Cash,01-02-2019
176585,Bose SoundSport Headphones,1,99.99,"823 Highland St, Boston, MA 02215",A,Male,Cash,01-02-2019
176585,Bose SoundSport Headphones,1,99.99,"823 Highland St, Boston, MA 02215",B,Male,Credit card,01-02-2019
176586,AAA Batteries (4-pack),2,2.99,"365 Center St, San Francisco, CA 94016",B,Male,Cash,01-02-2019
176586,Google Phone,1,600,"365 Center St, San Francisco, CA 94016",B,Male,Cash,01-02-2019
176587,27in FHD Monitor,1,149.99,"557 5th St, Los Angeles, CA 90001",A,Male,Credit card,01-02-2019
176588,20in Monitor,1,109.99,"765 Cherry St, Seattle, WA 98101",C,Female,Ewallet,01-02-2019
176589,Lightning Charging Cable,1,14.95,"846 Highland St, Atlanta, GA 30301",C,Female,Ewallet,01-02-2019
176590,Google Phone,1,600,"873 6th St, New York City, NY 10001",A,Male,Ewallet,02-02-2019
176591,Apple Airpods Headphones,1,150,"600 Maple St, Austin, TX 73301",A,Female,Ewallet,02-02-2019
176592,USB-C Charging Cable,1,11.95,"352 4th St, Los Angeles, CA 90001",C,Female,Ewallet,02-02-2019
176593,Lightning Charging Cable,2,14.95,"906 7th St, Portland, OR 97035",B,Male,Cash,02-02-2019
176594,Wired Headphones,1,11.99,"63 Maple St, San Francisco, CA 94016",B,Female,Ewallet,02-02-2019
176595,Wired Headphones,3,11.99,"383 6th St, Los Angeles, CA 90001",C,Male,Cash,02-02-2019
176596,Apple Airpods Headphones,1,150,"572 Meadow St, Dallas, TX 75001",B,Female,Cash,02-02-2019
176597,USB-C Charging Cable,1,11.95,"681 11th St, San Francisco, CA 94016",C,Female,Cash,02-02-2019
176598,AAA Batteries (4-pack),2,2.99,"294 Park St, San Francisco, CA 94016",C,Male,Cash,02-02-2019
176599,Lightning Charging Cable,1,14.95,"279 Maple St, New York City, NY 10001",B,Female,Cash,02-02-2019
176600,27in 4K Gaming Monitor,1,389.99,"87 West St, Boston, MA 02215",B,Male,Credit card,02-02-2019
176601,USB-C Charging Cable,1,11.95,"754 10th St, Los Angeles, CA 90001",B,Female,Ewallet,02-02-2019
176602,Lightning Charging Cable,1,14.95,"9 Jefferson St, Dallas, TX 75001",B,Male,Credit card,02-02-2019
176603,USB-C Charging Cable,1,11.95,"858 6th St, San Francisco, CA 94016",C,Female,Ewallet,02-02-2019
176604,USB-C Charging Cable,1,11.95,"462 11th St, San Francisco, CA 94016",C,Male,Cash,03-02-2019
176605,USB-C Charging Cable,1,11.95,"717 Pine St, San Francisco, CA 94016",A,Female,Cash,03-02-2019
176606,LG Dryer,1,600,"487 Maple St, San Francisco, CA 94016",B,Female,Ewallet,03-02-2019
176607,AAA Batteries (4-pack),2,2.99,"689 10th St, Boston, MA 02215",C,Male,Credit card,03-02-2019
176608,iPhone,1,700,"15 Cherry St, San Francisco, CA 94016",B,Male,Ewallet,03-02-2019
176609,Apple Airpods Headphones,1,150,"267 11th St, Austin, TX 73301",C,Female,Cash,03-02-2019
176610,AAA Batteries (4-pack),1,2.99,"382 River St, Dallas, TX 75001",A,Male,Cash,03-02-2019
176611,Bose SoundSport Headphones,1,99.99,"971 Sunset St, San Francisco, CA 94016",A,Male,Ewallet,03-02-2019
176612,Apple Airpods Headphones,1,150,"149 North St, Seattle, WA 98101",A,Female,Cash,03-02-2019
176613,USB-C Charging Cable,2,11.95,"405 4th St, New York City, NY 10001",C,Male,Cash,03-02-2019
176614,AA Batteries (4-pack),1,3.84,"647 Jackson St, San Francisco, CA 94016",C,Female,Credit card,03-02-2019
176615,Lightning Charging Cable,1,14.95,"833 River St, Dallas, TX 75001",C,Male,Ewallet,03-02-2019
176616,USB-C Charging Cable,1,11.95,"380 Washington St, San Francisco, CA 94016",B,Female,Ewallet,03-02-2019
176617,Apple Airpods Headphones,1,150,"319 8th St, Portland, OR 97035",A,Male,Credit card,03-02-2019
176618,Lightning Charging Cable,2,14.95,"273 South St, San Francisco, CA 94016",B,Male,Cash,03-02-2019
176619,Flatscreen TV,1,300,"116 North St, Los Angeles, CA 90001",A,Male,Cash,03-02-2019
176620,USB-C Charging Cable,1,11.95,"994 Pine St, Los Angeles, CA 90001",C,Female,Ewallet,03-02-2019
176621,Lightning Charging Cable,1,14.95,"863 8th St, Boston, MA 02215",B,Female,Ewallet,03-02-2019
176622,AA Batteries (4-pack),1,3.84,"983 11th St, San Francisco, CA 94016",A,Male,Cash,01-03-2019
176623,27in FHD Monitor,1,149.99,"807 12th St, Atlanta, GA 30301",A,Female,Cash,01-03-2019
176624,AA Batteries (4-pack),1,3.84,"664 Church St, Seattle, WA 98101",C,Male,Credit card,01-03-2019
176625,AAA Batteries (4-pack),2,2.99,"858 5th St, San Francisco, CA 94016",C,Male,Cash,01-03-2019
176626,Bose SoundSport Headphones,1,99.99,"491 Chestnut St, Boston, MA 02215",B,Female,Ewallet,01-03-2019
176627,Wired Headphones,1,11.99,"994 13th St, Atlanta, GA 30301",C,Female,Cash,01-03-2019
176628,Lightning Charging Cable,2,14.95,"628 Wilson St, Dallas, TX 75001",A,Male,Ewallet,01-03-2019
176629,USB-C Charging Cable,1,11.95,"101 Lincoln St, San Francisco, CA 94016",C,Female,Credit card,01-03-2019
176630,Google Phone,1,600,"770 Maple St, San Francisco, CA 94016",C,Male,Credit card,02-03-2019
176631,USB-C Charging Cable,1,11.95,"292 Dogwood St, San Francisco, CA 94016",A,Female,Credit card,02-03-2019
176632,AAA Batteries (4-pack),1,2.99,"814 Madison St, San Francisco, CA 94016",C,Female,Ewallet,02-03-2019
176633,ThinkPad Laptop,1,999.99,"863 Hickory St, Los Angeles, CA 90001",C,Female,Cash,02-03-2019
176634,Lightning Charging Cable,1,14.95,"311 Madison St, Atlanta, GA 30301",C,Female,Credit card,02-03-2019
176635,Vareebadd Phone,1,400,"85 North St, San Francisco, CA 94016",B,Female,Ewallet,02-03-2019
176636,AA Batteries (4-pack),1,3.84,"140 10th St, Boston, MA 02215",C,Male,Ewallet,02-03-2019
176637,AAA Batteries (4-pack),1,2.99,"261 Sunset St, New York City, NY 10001",C,Female,Credit card,02-03-2019
176638,USB-C Charging Cable,1,11.95,"869 Cherry St, Boston, MA 02215",C,Male,Cash,02-03-2019
176639,Macbook Pro Laptop,1,1700,"853 Cedar St, San Francisco, CA 94016",C,Female,Ewallet,02-03-2019
176640,Wired Headphones,2,11.99,"164 Lake St, San Francisco, CA 94016",C,Male,Cash,02-03-2019
176641,Lightning Charging Cable,1,14.95,"655 Sunset St, Boston, MA 02215",A,Male,Credit card,02-03-2019
176642,AA Batteries (4-pack),1,3.84,"72 Elm St, Portland, OR 97035",A,Male,Cash,02-03-2019
176643,Macbook Pro Laptop,1,1700,"373 Adams St, Boston, MA 02215",B,Female,Cash,02-03-2019
176644,USB-C Charging Cable,1,11.95,"962 7th St, Los Angeles, CA 90001",C,Female,Cash,03-03-2019
176645,AAA Batteries (4-pack),3,2.99,"514 Lake St, Dallas, TX 75001",C,Female,Ewallet,03-03-2019
176646,Macbook Pro Laptop,1,1700,"657 Adams St, Portland, OR 97035",A,Female,Ewallet,03-03-2019
176647,Google Phone,1,600,"273 South St, Los Angeles, CA 90001",B,Male,Credit card,03-03-2019
176648,27in FHD Monitor,1,149.99,"732 2nd St, Portland, OR 97035",C,Male,Credit card,03-03-2019
176649,USB-C Charging Cable,1,11.95,"702 11th St, San Francisco, CA 94016",A,Male,Ewallet,03-03-2019
176650,Lightning Charging Cable,1,14.95,"153 River St, Boston, MA 02215",B,Male,Ewallet,03-03-2019
176651,iPhone,1,700,"997 South St, Boston, MA 02215",C,Female,Cash,03-03-2019
176652,LG Washing Machine,1,600,"502 14th St, New York City, NY 10001",A,Male,Ewallet,03-03-2019
176653,AA Batteries (4-pack),1,3.84,"285 Chestnut St, San Francisco, CA 94016",B,Male,Cash,03-03-2019
176654,USB-C Charging Cable,1,11.95,"880 Lakeview St, Seattle, WA 98101",C,Male,Cash,03-03-2019
176655,Apple Airpods Headphones,1,150,"848 Center St, San Francisco, CA 94016",C,Male,Cash,03-03-2019
176656,Google Phone,1,600,"12 Lakeview St, New York City, NY 10001",C,Female,Cash,03-03-2019
176657,ThinkPad Laptop,1,999.99,"774 Forest St, Los Angeles, CA 90001",A,Male,Cash,03-03-2019
176658,AAA Batteries (4-pack),2,2.99,"573 Pine St, San Francisco, CA 94016",B,Male,Cash,01-04-2019
176659,20in Monitor,1,109.99,"804 Church St, Dallas, TX 75001",A,Male,Ewallet,01-04-2019
176660,AA Batteries (4-pack),1,3.84,"267 West St, Boston, MA 02215",C,Male,Credit card,01-04-2019
176661,Wired Headphones,1,11.99,"522 6th St, Atlanta, GA 30301",A,Male,Cash,01-04-2019
176662,34in Ultrawide Monitor,1,379.99,"678 Hickory St, Portland, OR 97035",C,Female,Cash,01-04-2019
176663,Bose SoundSport Headphones,1,99.99,"450 Johnson St, Seattle, WA 98101",C,Male,Cash,01-04-2019
176664,AAA Batteries (4-pack),1,2.99,"544 Madison St, Los Angeles, CA 90001",B,Female,Ewallet,02-04-2019
176665,ThinkPad Laptop,1,999.99,"927 13th St, Dallas, TX 75001",C,Female,Credit card,02-04-2019
176666,Wired Headphones,1,11.99,"382 Forest St, Seattle, WA 98101",B,Female,Cash,02-04-2019
176667,27in 4K Gaming Monitor,1,389.99,"92 11th St, Los Angeles, CA 90001",A,Male,Ewallet,02-04-2019
176668,AA Batteries (4-pack),1,3.84,"56 2nd St, Dallas, TX 75001",C,Female,Credit card,02-04-2019
176669,27in FHD Monitor,1,149.99,"506 Jackson St, Dallas, TX 75001",C,Female,Credit card,02-04-2019
176670,Apple Airpods Headphones,1,150,"892 Willow St, San Francisco, CA 94016",B,Male,Ewallet,02-04-2019
176671,AAA Batteries (4-pack),2,2.99,"738 Jefferson St, New York City, NY 10001",B,Male,Ewallet,02-04-2019
176672,Lightning Charging Cable,1,14.95,"778 Maple St, New York City, NY 10001",A,Female,Ewallet,02-04-2019
176672,USB-C Charging Cable,1,11.95,"778 Maple St, New York City, NY 10001",B,Male,Ewallet,02-04-2019
176673,20in Monitor,1,109.99,"952 1st St, Boston, MA 02215",A,Female,Credit card,02-04-2019
176674,AAA Batteries (4-pack),3,2.99,"907 West St, Austin, TX 73301",C,Male,Credit card,03-04-2019
176675,AAA Batteries (4-pack),1,2.99,"933 Meadow St, Seattle, WA 98101",B,Male,Credit card,03-04-2019
176676,LG Dryer,1,600,"788 Lincoln St, Los Angeles, CA 90001",C,Male,Credit card,03-04-2019
176677,34in Ultrawide Monitor,1,379.99,"661 Washington St, Austin, TX 73301",B,Female,Ewallet,03-04-2019
176678,AA Batteries (4-pack),2,3.84,"345 Sunset St, San Francisco, CA 94016",A,Female,Credit card,03-04-2019
176679,Apple Airpods Headphones,1,150,"245 West St, Boston, MA 02215",A,Female,Cash,03-04-2019
176680,USB-C Charging Cable,1,11.95,"368 Main St, Los Angeles, CA 90001",C,Female,Credit card,03-04-2019
176681,Apple Airpods Headphones,1,150,"331 Cherry St, Seattle, WA 98101",C,Female,Ewallet,03-04-2019
176681,ThinkPad Laptop,1,999.99,"331 Cherry St, Seattle, WA 98101",B,Female,Ewallet,03-04-2019
176682,Lightning Charging Cable,1,14.95,"593 Adams St, Boston, MA 02215",B,Female,Cash,03-04-2019
176683,AA Batteries (4-pack),1,3.84,"253 Willow St, Los Angeles, CA 90001",A,Female,Cash,03-04-2019
176684,USB-C Charging Cable,1,11.95,"293 Washington St, Los Angeles, CA 90001",B,Female,Cash,03-04-2019
176685,34in Ultrawide Monitor,1,379.99,"114 10th St, New York City, NY 10001",B,Male,Credit card,01-05-2019
176686,Wired Headphones,1,11.99,"892 10th St, Austin, TX 73301",C,Female,Ewallet,01-05-2019
176687,Macbook Pro Laptop,1,1700,"121 Wilson St, Los Angeles, CA 90001",C,Male,Cash,01-05-2019
176688,Flatscreen TV,1,300,"229 Church St, San Francisco, CA 94016",A,Female,Credit card,01-05-2019
176689,Bose SoundSport Headphones,1,99.99,"659 Lincoln St, New York City, NY 10001",A,Female,Cash,01-05-2019
176689,AAA Batteries (4-pack),2,2.99,"659 Lincoln St, New York City, NY 10001",B,Male,Cash,01-05-2019
176690,20in Monitor,1,109.99,"873 Sunset St, San Francisco, CA 94016",A,Male,Ewallet,01-05-2019
176691,AAA Batteries (4-pack),1,2.99,"991 Lincoln St, Los Angeles, CA 90001",C,Female,Credit card,01-05-2019
176692,Wired Headphones,1,11.99,"290 Forest St, San Francisco, CA 94016",C,Male,Cash,01-05-2019
176693,AA Batteries (4-pack),1,3.84,"252 Walnut St, San Francisco, CA 94016",C,Female,Cash,01-05-2019
176694,USB-C Charging Cable,1,11.95,"985 Washington St, Atlanta, GA 30301",C,Female,Credit card,01-05-2019
176695,AA Batteries (4-pack),2,3.84,"709 Lake St, Seattle, WA 98101",A,Female,Ewallet,01-05-2019
176696,iPhone,1,700,"343 Johnson St, New York City, NY 10001",C,Female,Credit card,02-05-2019
176697,Wired Headphones,1,11.99,"675 Center St, New York City, NY 10001",A,Female,Ewallet,02-05-2019
176698,Bose SoundSport Headphones,1,99.99,"232 Lakeview St, San Francisco, CA 94016",C,Male,Credit card,02-05-2019
176699,Bose SoundSport Headphones,1,99.99,"49 Jefferson St, Boston, MA 02215",B,Male,Credit card,02-05-2019
176700,34in Ultrawide Monitor,1,379.99,"967 Walnut St, Dallas, TX 75001",A,Male,Credit card,02-05-2019
176701,USB-C Charging Cable,1,11.95,"128 Church St, Austin, TX 73301",B,Female,Credit card,02-05-2019
176702,AA Batteries (4-pack),1,3.84,"896 Sunset St, Seattle, WA 98101",C,Male,Credit card,02-05-2019
176703,20in Monitor,1,109.99,"748 Washington St, New York City, NY 10001",A,Male,Credit card,02-05-2019
176704,AA Batteries (4-pack),2,3.84,"909 Center St, Seattle, WA 98101",C,Female,Ewallet,02-05-2019
176705,Lightning Charging Cable,2,14.95,"503 8th St, Austin, TX 73301",C,Female,Cash,02-05-2019
176706,Lightning Charging Cable,1,14.95,"309 South St, New York City, NY 10001",A,Male,Credit card,02-05-2019
176707,Apple Airpods Headphones,1,150,"408 Center St, Portland, OR 97035",B,Male,Cash,02-05-2019
176708,Wired Headphones,1,11.99,"542 Ridge St, New York City, NY 10001",B,Male,Ewallet,03-05-2019
176709,AA Batteries (4-pack),1,3.84,"971 Church St, Dallas, TX 75001",B,Male,Ewallet,03-05-2019
176710,20in Monitor,2,109.99,"848 West St, Dallas, TX 75001",B,Male,Ewallet,03-05-2019
176711,Flatscreen TV,1,300,"796 River St, Dallas, TX 75001",C,Female,Credit card,03-05-2019
176712,Google Phone,1,600,"910 Washington St, San Francisco, CA 94016",A,Male,Cash,03-05-2019
176713,Wired Headphones,1,11.99,"498 Walnut St, San Francisco, CA 94016",A,Male,Credit card,03-05-2019
176714,USB-C Charging Cable,1,11.95,"303 Spruce St, Los Angeles, CA 90001",C,Male,Ewallet,03-05-2019
176715,Apple Airpods Headphones,1,150,"258 Jefferson St, San Francisco, CA 94016",B,Male,Credit card,03-05-2019
176716,Wired Headphones,1,11.99,"794 7th St, Los Angeles, CA 90001",B,Male,Ewallet,03-05-2019
176717,Apple Airpods Headphones,1,150,"490 Lakeview St, Atlanta, GA 30301",C,Male,Cash,03-05-2019
176718,Lightning Charging Cable,1,14.95,"672 Sunset St, Los Angeles, CA 90001",A,Male,Credit card,03-05-2019
176719,Flatscreen TV,1,300,"602 Hickory St, Boston, MA 02215",A,Male,Cash,03-05-2019
176720,Lightning Charging Cable,1,14.95,"556 South St, Portland, OR 97035",A,Male,Credit card,03-05-2019
176721,AAA Batteries (4-pack),1,2.99,"469 7th St, San Francisco, CA 94016",A,Male,Ewallet,03-05-2019
176722,27in 4K Gaming Monitor,1,389.99,"209 14th St, New York City, NY 10001",B,Male,Credit card,03-05-2019
176723,27in 4K Gaming Monitor,1,389.99,"613 12th St, Portland, OR 97035",C,Male,Cash,03-05-2019
176724,Lightning Charging Cable,1,14.95,"34 12th St, San Francisco, CA 94016",B,Male,Credit card,03-05-2019
176725,AA Batteries (4-pack),2,3.84,"630 14th St, San Francisco, CA 94016",B,Male,Ewallet,01-06-2019
176726,USB-C Charging Cable,1,11.95,"979 8th St, Los Angeles, CA 90001",A,Male,Ewallet,01-06-2019
176727,Lightning Charging Cable,1,14.95,"218 Hickory St, Los Angeles, CA 90001",A,Male,Credit card,01-06-2019
176728,Lightning Charging Cable,1,14.95,"516 Park St, Atlanta, GA 30301",C,Female,Credit card,01-06-2019
176729,USB-C Charging Cable,1,11.95,"637 9th St, Seattle, WA 98101",A,Male,Ewallet,01-06-2019
176730,Bose SoundSport Headphones,1,99.99,"403 Ridge St, New York City, NY 10001",C,Male,Ewallet,01-06-2019
176731,AAA Batteries (4-pack),2,2.99,"36 Lincoln St, San Francisco, CA 94016",C,Male,Cash,01-06-2019
176732,iPhone,1,700,"504 Wilson St, Dallas, TX 75001",C,Male,Cash,01-06-2019
176733,20in Monitor,1,109.99,"575 Hickory St, San Francisco, CA 94016",A,Male,Ewallet,01-06-2019
176734,Apple Airpods Headphones,1,150,"611 Jackson St, New York City, NY 10001",C,Male,Ewallet,02-06-2019
176735,27in FHD Monitor,1,149.99,"802 Ridge St, Austin, TX 73301",A,Female,Credit card,02-06-2019
176736,AA Batteries (4-pack),1,3.84,"421 2nd St, Los Angeles, CA 90001",B,Male,Ewallet,02-06-2019
176737,Apple Airpods Headphones,1,150,"109 Center St, Los Angeles, CA 90001",B,Female,Ewallet,02-06-2019
176738,AA Batteries (4-pack),1,3.84,"661 Center St, San Francisco, CA 94016",B,Male,Cash,02-06-2019
176739,34in Ultrawide Monitor,1,379.99,"730 6th St, Austin, TX 73301",A,Male,Ewallet,02-06-2019
176739,Google Phone,1,600,"730 6th St, Austin, TX 73301",C,Female,Credit card,02-06-2019
176740,Bose SoundSport Headphones,1,99.99,"699 Washington St, Dallas, TX 75001",B,Female,Credit card,02-06-2019
176741,USB-C Charging Cable,1,11.95,"990 Ridge St, San Francisco, CA 94016",B,Female,Ewallet,02-06-2019
176742,Wired Headphones,1,11.99,"115 Forest St, Los Angeles, CA 90001",C,Female,Cash,02-06-2019
176743,27in 4K Gaming Monitor,1,389.99,"570 11th St, Atlanta, GA 30301",B,Male,Ewallet,02-06-2019
176744,Lightning Charging Cable,1,14.95,"937 Maple St, Los Angeles, CA 90001",A,Male,Credit card,02-06-2019
176745,Wired Headphones,1,11.99,"461 Adams St, Los Angeles, CA 90001",C,Female,Cash,02-06-2019
176746,27in 4K Gaming Monitor,1,389.99,"638 Park St, Seattle, WA 98101",C,Male,Cash,03-06-2019
176747,Macbook Pro Laptop,1,1700,"645 7th St, San Francisco, CA 94016",A,Female,Ewallet,03-06-2019
176748,Flatscreen TV,1,300,"339 13th St, Boston, MA 02215",C,Male,Credit card,03-06-2019
176749,ThinkPad Laptop,1,999.99,"322 Adams St, Seattle, WA 98101",C,Female,Credit card,03-06-2019
176750,AA Batteries (4-pack),1,3.84,"255 Cedar St, Austin, TX 73301",C,Female,Credit card,03-06-2019
176751,AAA Batteries (4-pack),1,2.99,"258 4th St, San Francisco, CA 94016",B,Female,Cash,03-06-2019
176752,AA Batteries (4-pack),1,3.84,"665 Wilson St, San Francisco, CA 94016",C,Male,Cash,03-06-2019
176753,USB-C Charging Cable,1,11.95,"496 Adams St, Atlanta, GA 30301",B,Male,Ewallet,03-06-2019
176754,34in Ultrawide Monitor,1,379.99,"288 Forest St, Los Angeles, CA 90001",B,Male,Credit card,03-06-2019
176755,27in 4K Gaming Monitor,1,389.99,"825 Madison St, Seattle, WA 98101",A,Female,Ewallet,03-06-2019
176756,27in FHD Monitor,1,149.99,"348 Lake St, New York City, NY 10001",C,Female,Credit card,03-06-2019
176757,AA Batteries (4-pack),1,3.84,"79 Hickory St, Portland, OR 97035",C,Female,Ewallet,01-07-2019
176758,34in Ultrawide Monitor,1,379.99,"166 Highland St, San Francisco, CA 94016",B,Female,Ewallet,01-07-2019
176759,Lightning Charging Cable,1,14.95,"864 Main St, Los Angeles, CA 90001",B,Female,Credit card,01-07-2019
176760,Wired Headphones,1,11.99,"813 Highland St, San Francisco, CA 94016",A,Male,Ewallet,01-07-2019
176761,Apple Airpods Headphones,1,150,"830 2nd St, San Francisco, CA 94016",C,Female,Cash,01-07-2019
176762,AA Batteries (4-pack),1,3.84,"977 1st St, Seattle, WA 98101",B,Male,Ewallet,01-07-2019
176763,USB-C Charging Cable,1,11.95,"638 Johnson St, San Francisco, CA 94016",B,Male,Credit card,01-07-2019
176764,Wired Headphones,1,11.99,"652 Center St, Atlanta, GA 30301",B,Female,Cash,01-07-2019
176765,USB-C Charging Cable,1,11.95,"729 Ridge St, San Francisco, CA 94016",A,Male,Credit card,01-07-2019
176766,AA Batteries (4-pack),2,3.84,"84 Johnson St, Boston, MA 02215",B,Female,Cash,02-07-2019
176767,27in 4K Gaming Monitor,1,389.99,"205 4th St, Atlanta, GA 30301",A,Female,Cash,02-07-2019
176768,Wired Headphones,1,11.99,"643 Spruce St, Los Angeles, CA 90001",B,Male,Ewallet,02-07-2019
176769,AA Batteries (4-pack),1,3.84,"206 10th St, San Francisco, CA 94016",B,Female,Credit card,02-07-2019
176770,Wired Headphones,1,11.99,"345 Church St, San Francisco, CA 94016",B,Male,Ewallet,02-07-2019
176771,Lightning Charging Cable,1,14.95,"403 11th St, New York City, NY 10001",B,Male,Ewallet,02-07-2019
176772,AA Batteries (4-pack),1,3.84,"426 14th St, New York City, NY 10001",C,Male,Cash,02-07-2019
176773,AAA Batteries (4-pack),2,2.99,"30 9th St, Portland, ME 04101",C,Female,Cash,02-07-2019
176774,Lightning Charging Cable,1,14.95,"372 Church St, Los Angeles, CA 90001",A,Male,Cash,02-07-2019
176774,USB-C Charging Cable,1,11.95,"372 Church St, Los Angeles, CA 90001",C,Female,Credit card,02-07-2019
176775,USB-C Charging Cable,2,11.95,"975 Forest St, San Francisco, CA 94016",B,Male,Ewallet,02-07-2019
176776,Bose SoundSport Headphones,1,99.99,"613 Washington St, Seattle, WA 98101",C,Male,Ewallet,02-07-2019
176777,Apple Airpods Headphones,1,150,"163 Jackson St, Portland, OR 97035",B,Female,Cash,02-07-2019
176778,34in Ultrawide Monitor,1,379.99,"201 Madison St, San Francisco, CA 94016",A,Female,Ewallet,02-07-2019
176779,27in FHD Monitor,1,149.99,"351 Park St, Atlanta, GA 30301",B,Female,Cash,02-07-2019
176780,Lightning Charging Cable,1,14.95,"52 Walnut St, New York City, NY 10001",B,Female,Credit card,02-07-2019
176781,iPhone,1,700,"976 Hickory St, Dallas, TX 75001",B,Female,Cash,02-07-2019
176781,Lightning Charging Cable,1,14.95,"976 Hickory St, Dallas, TX 75001",B,Male,Cash,02-07-2019
176782,Apple Airpods Headphones,1,150,"993 13th St, San Francisco, CA 94016",A,Male,Ewallet,02-07-2019
176783,Apple Airpods Headphones,1,150,"926 North St, San Francisco, CA 94016",A,Female,Ewallet,02-07-2019
176784,AAA Batteries (4-pack),1,2.99,"725 Madison St, Los Angeles, CA 90001",C,Male,Credit card,03-07-2019
176785,Bose SoundSport Headphones,1,99.99,"533 Ridge St, Los Angeles, CA 90001",C,Female,Credit card,03-07-2019
176786,20in Monitor,1,109.99,"701 North St, San Francisco, CA 94016",B,Female,Cash,03-07-2019
176787,Google Phone,1,600,"180 Pine St, Los Angeles, CA 90001",A,Male,Ewallet,03-07-2019
176788,Bose SoundSport Headphones,1,99.99,"200 North St, New York City, NY 10001",A,Male,Credit card,03-07-2019
176789,Lightning Charging Cable,1,14.95,"990 Meadow St, San Francisco, CA 94016",A,Male,Credit card,03-07-2019
176790,AAA Batteries (4-pack),1,2.99,"689 9th St, Austin, TX 73301",C,Male,Credit card,03-07-2019
176791,Google Phone,1,600,"908 Jackson St, Los Angeles, CA 90001",A,Male,Cash,03-07-2019
176792,27in 4K Gaming Monitor,1,389.99,"772 11th St, Atlanta, GA 30301",B,Male,Credit card,03-07-2019
176793,Wired Headphones,1,11.99,"147 South St, San Francisco, CA 94016",A,Male,Cash,01-08-2019
176794,Lightning Charging Cable,1,14.95,"425 Adams St, Dallas, TX 75001",B,Female,Cash,01-08-2019
176795,Wired Headphones,1,11.99,"360 Center St, San Francisco, CA 94016",A,Male,Ewallet,01-08-2019
176796,Bose SoundSport Headphones,1,99.99,"5 2nd St, Los Angeles, CA 90001",A,Male,Credit card,01-08-2019
176797,Google Phone,1,600,"923 Elm St, Los Angeles, CA 90001",B,Male,Credit card,01-08-2019
176797,Bose SoundSport Headphones,1,99.99,"923 Elm St, Los Angeles, CA 90001",B,Male,Ewallet,01-08-2019
176797,Wired Headphones,1,11.99,"923 Elm St, Los Angeles, CA 90001",C,Male,Credit card,01-08-2019
176798,iPhone,1,700,"445 Jefferson St, Atlanta, GA 30301",C,Female,Credit card,01-08-2019
176799,Wired Headphones,1,11.99,"452 Spruce St, Portland, OR 97035",A,Male,Cash,01-08-2019
176800,Lightning Charging Cable,1,14.95,"766 West St, Atlanta, GA 30301",A,Male,Cash,01-08-2019
176801,Vareebadd Phone,1,400,"125 North St, San Francisco, CA 94016",B,Male,Cash,01-08-2019
176802,AA Batteries (4-pack),1,3.84,"627 12th St, Boston, MA 02215",A,Male,Credit card,01-08-2019
176803,AA Batteries (4-pack),1,3.84,"649 7th St, Austin, TX 73301",A,Male,Ewallet,01-08-2019
176804,Bose SoundSport Headphones,1,99.99,"690 Walnut St, Seattle, WA 98101",A,Male,Ewallet,01-08-2019
176805,Google Phone,1,600,"91 Lincoln St, Portland, OR 97035",C,Male,Credit card,01-08-2019
176805,USB-C Charging Cable,1,11.95,"91 Lincoln St, Portland, OR 97035",A,Female,Ewallet,01-08-2019
176806,Macbook Pro Laptop,1,1700,"197 Cherry St, Austin, TX 73301",C,Female,Ewallet,01-08-2019
176807,USB-C Charging Cable,1,11.95,"758 Hill St, Seattle, WA 98101",B,Female,Cash,01-08-2019
176808,Google Phone,1,600,"933 Meadow St, San Francisco, CA 94016",A,Female,Cash,02-08-2019
176808,Wired Headphones,1,11.99,"933 Meadow St, San Francisco, CA 94016",B,Male,Ewallet,02-08-2019
176809,Bose SoundSport Headphones,2,99.99,"278 13th St, San Francisco, CA 94016",A,Female,Credit card,02-08-2019
176810,AAA Batteries (4-pack),1,2.99,"86 Meadow St, Atlanta, GA 30301",C,Male,Credit card,02-08-2019
176811,AA Batteries (4-pack),2,3.84,"456 13th St, Dallas, TX 75001",B,Female,Cash,02-08-2019
176812,Wired Headphones,1,11.99,"569 Willow St, New York City, NY 10001",A,Male,Credit card,02-08-2019
176813,Google Phone,1,600,"269 Hill St, Atlanta, GA 30301",A,Female,Ewallet,02-08-2019
176813,Wired Headphones,1,11.99,"269 Hill St, Atlanta, GA 30301",B,Female,Ewallet,02-08-2019
176814,Lightning Charging Cable,1,14.95,"501 13th St, New York City, NY 10001",C,Female,Cash,02-08-2019
176815,AAA Batteries (4-pack),1,2.99,"327 Adams St, San Francisco, CA 94016",A,Female,Credit card,02-08-2019
176816,27in 4K Gaming Monitor,1,389.99,"623 Lincoln St, Portland, OR 97035",A,Female,Cash,02-08-2019
176817,Lightning Charging Cable,1,14.95,"284 Walnut St, Seattle, WA 98101",B,Female,Ewallet,02-08-2019
176818,Wired Headphones,1,11.99,"642 13th St, San Francisco, CA 94016",B,Male,Cash,03-08-2019
176819,AA Batteries (4-pack),2,3.84,"615 9th St, Portland, OR 97035",C,Female,Cash,03-08-2019
176820,USB-C Charging Cable,1,11.95,"654 Adams St, Boston, MA 02215",C,Female,Ewallet,03-08-2019
176821,34in Ultrawide Monitor,1,379.99,"72 Meadow St, San Francisco, CA 94016",C,Male,Cash,03-08-2019
176822,AAA Batteries (4-pack),1,2.99,"40 Cedar St, Seattle, WA 98101",A,Male,Credit card,03-08-2019
176823,Wired Headphones,1,11.99,"893 11th St, Seattle, WA 98101",A,Female,Credit card,03-08-2019
176824,USB-C Charging Cable,2,11.95,"983 Center St, Los Angeles, CA 90001",C,Male,Credit card,03-08-2019
176825,LG Washing Machine,1,600,"338 6th St, San Francisco, CA 94016",A,Female,Cash,03-08-2019
176826,Bose SoundSport Headphones,1,99.99,"72 Meadow St, San Francisco, CA 94016",A,Male,Ewallet,03-08-2019
176827,AAA Batteries (4-pack),1,2.99,"465 Hickory St, Los Angeles, CA 90001",A,Female,Cash,03-08-2019
176828,iPhone,1,700,"696 Highland St, Seattle, WA 98101",B,Male,Cash,03-08-2019
176829,Wired Headphones,1,11.99,"335 Wilson St, San Francisco, CA 94016",C,Male,Cash,01-09-2019
176830,Wired Headphones,1,11.99,"663 5th St, Austin, TX 73301",C,Female,Cash,01-09-2019
176831,USB-C Charging Cable,1,11.95,"743 Spruce St, San Francisco, CA 94016",B,Female,Credit card,01-09-2019
176832,Apple Airpods Headphones,1,150,"533 Spruce St, Los Angeles, CA 90001",A,Female,Cash,01-09-2019
176833,Wired Headphones,1,11.99,"226 Madison St, Boston, MA 02215",B,Male,Credit card,01-09-2019
176834,Lightning Charging Cable,1,14.95,"193 Forest St, San Francisco, CA 94016",C,Male,Ewallet,01-09-2019
176835,USB-C Charging Cable,1,11.95,"628 10th St, Boston, MA 02215",A,Female,Cash,01-09-2019
176836,USB-C Charging Cable,2,11.95,"857 Hickory St, Boston, MA 02215",A,Female,Cash,01-09-2019
176837,Lightning Charging Cable,1,14.95,"213 River St, New York City, NY 10001",B,Male,Ewallet,02-09-2019
176838,Lightning Charging Cable,1,14.95,"656 South St, New York City, NY 10001",C,Female,Cash,02-09-2019
176839,20in Monitor,1,109.99,"625 Willow St, Boston, MA 02215",C,Male,Cash,02-09-2019
176840,USB-C Charging Cable,1,11.95,"939 14th St, Austin, TX 73301",A,Male,Ewallet,02-09-2019
176841,AAA Batteries (4-pack),3,2.99,"177 Highland St, San Francisco, CA 94016",A,Male,Cash,02-09-2019
176842,AA Batteries (4-pack),2,3.84,"532 1st St, New York City, NY 10001",C,Female,Cash,02-09-2019
176843,34in Ultrawide Monitor,1,379.99,"733 Maple St, Atlanta, GA 30301",C,Male,Credit card,02-09-2019
176844,AA Batteries (4-pack),1,3.84,"983 Main St, Boston, MA 02215",B,Male,Credit card,02-09-2019
176845,USB-C Charging Cable,1,11.95,"925 Cedar St, San Francisco, CA 94016",C,Male,Cash,02-09-2019
176846,USB-C Charging Cable,1,11.95,"599 10th St, New York City, NY 10001",A,Female,Credit card,02-09-2019
176847,AA Batteries (4-pack),3,3.84,"616 9th St, Austin, TX 73301",B,Female,Cash,02-09-2019
176848,27in FHD Monitor,1,149.99,"442 Center St, Boston, MA 02215",A,Male,Ewallet,02-09-2019
176849,34in Ultrawide Monitor,1,379.99,"309 West St, San Francisco, CA 94016",A,Female,Cash,02-09-2019
176850,AA Batteries (4-pack),1,3.84,"520 5th St, Seattle, WA 98101",A,Female,Cash,03-09-2019
176851,AA Batteries (4-pack),1,3.84,"669 Dogwood St, San Francisco, CA 94016",A,Female,Ewallet,03-09-2019
176852,AA Batteries (4-pack),1,3.84,"731 Lincoln St, Portland, OR 97035",A,Female,Cash,03-09-2019
176853,AA Batteries (4-pack),1,3.84,"858 14th St, New York City, NY 10001",B,Male,Cash,03-09-2019
176854,AA Batteries (4-pack),1,3.84,"460 South St, Los Angeles, CA 90001",C,Male,Ewallet,03-09-2019
176855,Wired Headphones,1,11.99,"103 12th St, Los Angeles, CA 90001",A,Female,Credit card,03-09-2019
176856,Lightning Charging Cable,1,14.95,"459 8th St, San Francisco, CA 94016",A,Female,Cash,03-09-2019
176857,Bose SoundSport Headphones,1,99.99,"418 14th St, Portland, OR 97035",C,Female,Cash,03-09-2019
176858,AAA Batteries (4-pack),1,2.99,"669 Park St, Los Angeles, CA 90001",C,Male,Cash,03-09-2019
176859,AA Batteries (4-pack),1,3.84,"525 Adams St, New York City, NY 10001",C,Female,Cash,03-09-2019
176860,USB-C Charging Cable,1,11.95,"420 Hill St, San Francisco, CA 94016",C,Male,Cash,03-09-2019
176861,Bose SoundSport Headphones,1,99.99,"370 9th St, Los Angeles, CA 90001",C,Female,Credit card,03-09-2019
176862,AAA Batteries (4-pack),1,2.99,"267 Willow St, San Francisco, CA 94016",C,Male,Ewallet,03-09-2019
176863,27in FHD Monitor,1,149.99,"64 Maple St, New York City, NY 10001",C,Female,Cash,03-09-2019
176864,AAA Batteries (4-pack),2,2.99,"453 Meadow St, San Francisco, CA 94016",C,Female,Cash,03-09-2019
176865,AA Batteries (4-pack),1,3.84,"952 Washington St, New York City, NY 10001",A,Male,Ewallet,03-09-2019
176866,ThinkPad Laptop,1,999.99,"338 West St, New York City, NY 10001",A,Female,Cash,01-10-2019
176867,AAA Batteries (4-pack),1,2.99,"483 Washington St, San Francisco, CA 94016",A,Male,Credit card,01-10-2019
176868,20in Monitor,1,109.99,"213 Highland St, Boston, MA 02215",B,Male,Ewallet,01-10-2019
176869,Apple Airpods Headphones,1,150,"861 2nd St, Seattle, WA 98101",A,Male,Cash,01-10-2019
176870,AAA Batteries (4-pack),3,2.99,"964 Park St, New York City, NY 10001",C,Male,Cash,01-10-2019
176871,AA Batteries (4-pack),1,3.84,"489 9th St, Dallas, TX 75001",B,Male,Credit card,01-10-2019
176872,AA Batteries (4-pack),1,3.84,"678 Madison St, Los Angeles, CA 90001",A,Male,Cash,01-10-2019
176873,AA Batteries (4-pack),1,3.84,"532 Spruce St, Los Angeles, CA 90001",B,Male,Cash,01-10-2019
176874,AAA Batteries (4-pack),1,2.99,"325 Pine St, New York City, NY 10001",A,Male,Credit card,01-10-2019
176875,27in 4K Gaming Monitor,1,389.99,"727 Forest St, San Francisco, CA 94016",A,Male,Cash,02-10-2019
176876,Bose SoundSport Headphones,1,99.99,"263 Hickory St, Boston, MA 02215",A,Male,Credit card,02-10-2019
176877,Lightning Charging Cable,1,14.95,"289 4th St, San Francisco, CA 94016",C,Male,Ewallet,02-10-2019
176878,ThinkPad Laptop,1,999.99,"161 Highland St, San Francisco, CA 94016",A,Female,Credit card,02-10-2019
176879,Flatscreen TV,1,300,"370 Sunset St, Portland, ME 04101",A,Male,Ewallet,02-10-2019
176880,27in FHD Monitor,1,149.99,"691 River St, New York City, NY 10001",B,Female,Cash,02-10-2019
176881,Wired Headphones,1,11.99,"157 Sunset St, San Francisco, CA 94016",C,Female,Credit card,02-10-2019
176882,Wired Headphones,1,11.99,"929 Main St, Boston, MA 02215",B,Female,Credit card,02-10-2019
176883,Wired Headphones,2,11.99,"344 Dogwood St, New York City, NY 10001",B,Male,Credit card,02-10-2019
176884,USB-C Charging Cable,1,11.95,"813 Highland St, San Francisco, CA 94016",B,Female,Ewallet,02-10-2019
176885,34in Ultrawide Monitor,1,379.99,"582 River St, Boston, MA 02215",B,Female,Cash,02-10-2019
176886,Flatscreen TV,1,300,"410 8th St, San Francisco, CA 94016",C,Female,Ewallet,03-10-2019
176887,AAA Batteries (4-pack),1,2.99,"591 4th St, Boston, MA 02215",A,Male,Cash,03-10-2019
176888,Wired Headphones,1,11.99,"608 5th St, New York City, NY 10001",A,Female,Ewallet,03-10-2019
176889,AAA Batteries (4-pack),1,2.99,"837 Madison St, Boston, MA 02215",A,Male,Cash,03-10-2019
176890,USB-C Charging Cable,1,11.95,"950 8th St, Austin, TX 73301",C,Female,Cash,03-10-2019
176891,AAA Batteries (4-pack),1,2.99,"323 Ridge St, Portland, OR 97035",A,Male,Cash,03-10-2019
176892,AAA Batteries (4-pack),1,2.99,"165 Meadow St, Boston, MA 02215",B,Female,Credit card,03-10-2019
176893,AAA Batteries (4-pack),1,2.99,"794 Dogwood St, Seattle, WA 98101",C,Female,Credit card,03-10-2019
176894,Flatscreen TV,1,300,"589 Park St, San Francisco, CA 94016",A,Male,Cash,03-10-2019
176895,Apple Airpods Headphones,1,150,"286 6th St, Boston, MA 02215",B,Female,Credit card,03-10-2019
176896,AAA Batteries (4-pack),2,2.99,"77 Johnson St, Dallas, TX 75001",B,Male,Cash,03-10-2019
176897,Apple Airpods Headphones,1,150,"941 Walnut St, San Francisco, CA 94016",C,Female,Cash,03-10-2019
176898,Apple Airpods Headphones,1,150,"45 River St, New York City, NY 10001",B,Female,Credit card,01-11-2019
176899,Lightning Charging Cable,1,14.95,"269 South St, San Francisco, CA 94016",C,Female,Credit card,01-11-2019
176900,Bose SoundSport Headphones,1,99.99,"356 North St, Boston, MA 02215",C,Female,Cash,01-11-2019
176901,Lightning Charging Cable,1,14.95,"25 8th St, Atlanta, GA 30301",B,Male,Ewallet,01-11-2019
176902,USB-C Charging Cable,1,11.95,"166 Dogwood St, Atlanta, GA 30301",B,Male,Cash,01-11-2019
176903,iPhone,1,700,"684 Main St, Boston, MA 02215",A,Male,Credit card,01-11-2019
176904,AAA Batteries (4-pack),1,2.99,"782 Ridge St, Boston, MA 02215",C,Female,Cash,01-11-2019
176905,27in FHD Monitor,1,149.99,"92 Spruce St, New York City, NY 10001",C,Male,Ewallet,01-11-2019
176906,27in FHD Monitor,1,149.99,"636 Cherry St, Los Angeles, CA 90001",A,Male,Cash,02-11-2019
176907,27in FHD Monitor,1,149.99,"120 Sunset St, Los Angeles, CA 90001",C,Female,Cash,02-11-2019
176908,AAA Batteries (4-pack),1,2.99,"802 Maple St, Seattle, WA 98101",C,Female,Cash,02-11-2019
176909,Wired Headphones,1,11.99,"692 Jackson St, Portland, ME 04101",C,Female,Cash,02-11-2019
176910,AAA Batteries (4-pack),2,2.99,"573 2nd St, Los Angeles, CA 90001",A,Male,Cash,02-11-2019
176911,AAA Batteries (4-pack),1,2.99,"346 13th St, Los Angeles, CA 90001",C,Female,Cash,02-11-2019
176912,Apple Airpods Headphones,1,150,"862 7th St, Seattle, WA 98101",A,Male,Credit card,02-11-2019
176913,AAA Batteries (4-pack),1,2.99,"340 11th St, Atlanta, GA 30301",B,Female,Cash,02-11-2019
176914,Lightning Charging Cable,1,14.95,"846 Cherry St, San Francisco, CA 94016",B,Female,Credit card,03-11-2019
176915,AAA Batteries (4-pack),1,2.99,"64 Hill St, Dallas, TX 75001",C,Female,Ewallet,03-11-2019
176916,34in Ultrawide Monitor,1,379.99,"285 Cedar St, San Francisco, CA 94016",C,Male,Cash,03-11-2019
176917,USB-C Charging Cable,1,11.95,"376 Sunset St, Boston, MA 02215",A,Female,Credit card,03-11-2019
176918,USB-C Charging Cable,1,11.95,"398 Elm St, Los Angeles, CA 90001",A,Female,Ewallet,03-11-2019
176919,AAA Batteries (4-pack),1,2.99,"240 14th St, Boston, MA 02215",B,Female,Credit card,03-11-2019
176920,Apple Airpods Headphones,1,150,"117 Lake St, New York City, NY 10001",C,Male,Ewallet,03-11-2019
176921,Lightning Charging Cable,1,14.95,"365 Wilson St, San Francisco, CA 94016",C,Male,Ewallet,03-11-2019
176922,Bose SoundSport Headphones,1,99.99,"859 Hill St, Los Angeles, CA 90001",B,Female,Credit card,03-11-2019
176923,LG Washing Machine,1,600,"259 6th St, Los Angeles, CA 90001",A,Male,Credit card,03-11-2019
176924,Bose SoundSport Headphones,1,99.99,"375 4th St, New York City, NY 10001",C,Female,Cash,03-11-2019
176925,Lightning Charging Cable,1,14.95,"920 Wilson St, New York City, NY 10001",B,Female,Cash,01-12-2019
176926,USB-C Charging Cable,1,11.95,"921 Cedar St, Atlanta, GA 30301",C,Female,Ewallet,01-12-2019
176927,Wired Headphones,1,11.99,"700 Sunset St, Los Angeles, CA 90001",A,Female,Ewallet,01-12-2019
176928,AAA Batteries (4-pack),1,2.99,"203 Hickory St, San Francisco, CA 94016",B,Male,Cash,01-12-2019
176929,ThinkPad Laptop,1,999.99,"743 11th St, Dallas, TX 75001",C,Male,Cash,01-12-2019
176930,USB-C Charging Cable,1,11.95,"161 Center St, Boston, MA 02215",A,Female,Credit card,01-12-2019
176931,ThinkPad Laptop,1,999.99,"57 Pine St, New York City, NY 10001",C,Female,Ewallet,01-12-2019
176932,34in Ultrawide Monitor,1,379.99,"118 Church St, Seattle, WA 98101",B,Male,Credit card,01-12-2019
176933,Flatscreen TV,1,300,"698 Spruce St, New York City, NY 10001",C,Female,Cash,01-12-2019
176934,AAA Batteries (4-pack),1,2.99,"329 Park St, New York City, NY 10001",B,Female,Cash,01-12-2019
176935,AAA Batteries (4-pack),1,2.99,"315 1st St, Dallas, TX 75001",A,Male,Ewallet,01-12-2019
176935,27in FHD Monitor,1,149.99,"315 1st St, Dallas, TX 75001",A,Female,Credit card,02-12-2019
176936,Apple Airpods Headphones,1,150,"846 Hickory St, Boston, MA 02215",A,Female,Ewallet,02-12-2019
176937,Google Phone,1,600,"980 7th St, Los Angeles, CA 90001",A,Female,Ewallet,02-12-2019
176938,AAA Batteries (4-pack),1,2.99,"249 Jefferson St, Los Angeles, CA 90001",A,Female,Ewallet,02-12-2019
176939,AAA Batteries (4-pack),1,2.99,"418 12th St, San Francisco, CA 94016",B,Male,Cash,02-12-2019
176940,Lightning Charging Cable,1,14.95,"864 Hickory St, Dallas, TX 75001",B,Female,Credit card,02-12-2019
176941,27in 4K Gaming Monitor,1,389.99,"807 14th St, San Francisco, CA 94016",B,Male,Cash,02-12-2019
176942,AA Batteries (4-pack),1,3.84,"419 Washington St, Portland, OR 97035",C,Female,Credit card,02-12-2019
176943,Lightning Charging Cable,1,14.95,"211 2nd St, San Francisco, CA 94016",C,Male,Credit card,03-12-2019
176944,Bose SoundSport Headphones,1,99.99,"719 West St, Austin, TX 73301",C,Male,Ewallet,03-12-2019
176945,USB-C Charging Cable,1,11.95,"701 Pine St, Austin, TX 73301",B,Female,Ewallet,03-12-2019
176946,Lightning Charging Cable,1,14.95,"991 6th St, New York City, NY 10001",C,Female,Ewallet,03-12-2019
176947,AA Batteries (4-pack),2,3.84,"357 Center St, Los Angeles, CA 90001",A,Male,Credit card,03-12-2019
176948,Wired Headphones,1,11.99,"761 Highland St, San Francisco, CA 94016",A,Male,Credit card,03-12-2019
176949,USB-C Charging Cable,1,11.95,"347 Jackson St, Los Angeles, CA 90001",B,Female,Cash,03-12-2019
176950,Lightning Charging Cable,1,14.95,"929 Johnson St, Dallas, TX 75001",A,Female,Ewallet,03-12-2019
176951,USB-C Charging Cable,2,11.95,"606 Lakeview St, Boston, MA 02215",C,Female,Ewallet,03-12-2019
176952,AAA Batteries (4-pack),1,2.99,"693 5th St, Los Angeles, CA 90001",B,Female,Cash,03-12-2019
176953,Flatscreen TV,1,300,"595 West St, Dallas, TX 75001",B,Male,Ewallet,03-12-2019
176954,Bose SoundSport Headphones,1,99.99,"524 Elm St, San Francisco, CA 94016",A,Male,Cash,03-12-2019
176955,AAA Batteries (4-pack),1,2.99,"169 Church St, San Francisco, CA 94016",A,Male,Ewallet,1-13-2019
176956,AA Batteries (4-pack),1,3.84,"703 5th St, Dallas, TX 75001",A,Male,Ewallet,1-13-2019
176957,Google Phone,1,600,"582 Church St, Boston, MA 02215",B,Male,Ewallet,1-13-2019
176958,Bose SoundSport Headphones,1,99.99,"497 Main St, Boston, MA 02215",C,Female,Credit card,1-13-2019
176959,Wired Headphones,1,11.99,"125 Jefferson St, Seattle, WA 98101",C,Female,Ewallet,1-13-2019
176960,Bose SoundSport Headphones,1,99.99,"737 West St, Dallas, TX 75001",B,Female,Ewallet,1-13-2019
176961,27in FHD Monitor,1,149.99,"357 Willow St, Portland, OR 97035",A,Female,Cash,1-13-2019
176962,Wired Headphones,1,11.99,"710 Church St, San Francisco, CA 94016",C,Female,Ewallet,1-13-2019
176963,AAA Batteries (4-pack),2,2.99,"390 Walnut St, Los Angeles, CA 90001",C,Female,Cash,1-13-2019
176964,AAA Batteries (4-pack),1,2.99,"453 Cedar St, San Francisco, CA 94016",C,Female,Credit card,1-13-2019
176965,Lightning Charging Cable,1,14.95,"900 Dogwood St, Boston, MA 02215",B,Male,Credit card,1-14-2019
176966,Bose SoundSport Headphones,1,99.99,"3 Main St, Boston, MA 02215",C,Male,Cash,1-14-2019
176967,27in 4K Gaming Monitor,1,389.99,"275 Lake St, Dallas, TX 75001",B,Male,Cash,1-14-2019
176968,Bose SoundSport Headphones,1,99.99,"183 2nd St, Atlanta, GA 30301",A,Male,Cash,1-14-2019
176969,AA Batteries (4-pack),1,3.84,"346 Wilson St, Portland, OR 97035",B,Female,Credit card,1-14-2019
176970,Bose SoundSport Headphones,1,99.99,"524 7th St, Los Angeles, CA 90001",B,Male,Cash,1-14-2019
176971,AAA Batteries (4-pack),1,2.99,"166 5th St, New York City, NY 10001",A,Female,Ewallet,1-14-2019
176972,27in FHD Monitor,1,149.99,"824 West St, Seattle, WA 98101",B,Male,Credit card,1-14-2019
176973,Wired Headphones,1,11.99,"748 Madison St, Los Angeles, CA 90001",C,Male,Ewallet,1-14-2019
176974,ThinkPad Laptop,1,999.99,"789 Center St, Seattle, WA 98101",A,Female,Ewallet,1-14-2019
176975,USB-C Charging Cable,1,11.95,"28 13th St, San Francisco, CA 94016",B,Male,Credit card,1-14-2019
176975,AAA Batteries (4-pack),1,2.99,"28 13th St, San Francisco, CA 94016",B,Female,Credit card,1-14-2019
176976,27in FHD Monitor,1,149.99,"260 Pine St, Los Angeles, CA 90001",C,Male,Ewallet,1-14-2019
176977,Bose SoundSport Headphones,1,99.99,"808 Ridge St, Portland, OR 97035",C,Male,Ewallet,1-15-2019
176978,Apple Airpods Headphones,1,150,"589 Lake St, Portland, OR 97035",A,Male,Credit card,1-15-2019
176979,AAA Batteries (4-pack),2,2.99,"315 9th St, New York City, NY 10001",C,Male,Ewallet,1-15-2019
176980,Bose SoundSport Headphones,1,99.99,"456 10th St, Seattle, WA 98101",C,Female,Credit card,1-15-2019
176981,Google Phone,1,600,"924 11th St, San Francisco, CA 94016",C,Male,Cash,1-15-2019
176982,iPhone,1,700,"237 Lake St, Los Angeles, CA 90001",B,Female,Credit card,1-15-2019
176983,AAA Batteries (4-pack),2,2.99,"769 11th St, Boston, MA 02215",A,Female,Credit card,1-15-2019
176984,Apple Airpods Headphones,1,150,"77 Lake St, Portland, OR 97035",C,Male,Ewallet,1-15-2019
176985,USB-C Charging Cable,1,11.95,"859 7th St, New York City, NY 10001",A,Female,Cash,1-15-2019
176986,Apple Airpods Headphones,1,150,"623 Lakeview St, Los Angeles, CA 90001",B,Female,Credit card,1-15-2019
176987,AAA Batteries (4-pack),1,2.99,"87 Spruce St, San Francisco, CA 94016",C,Male,Credit card,1-15-2019
176988,Lightning Charging Cable,1,14.95,"251 South St, Boston, MA 02215",C,Male,Credit card,1-15-2019
176989,Google Phone,1,600,"346 9th St, Los Angeles, CA 90001",B,Female,Credit card,1-15-2019
176989,USB-C Charging Cable,1,11.95,"346 9th St, Los Angeles, CA 90001",B,Female,Credit card,1-16-2019
176990,27in FHD Monitor,1,149.99,"322 2nd St, San Francisco, CA 94016",B,Female,Cash,1-16-2019
176991,Bose SoundSport Headphones,1,99.99,"338 2nd St, San Francisco, CA 94016",B,Male,Cash,1-16-2019
176992,AAA Batteries (4-pack),2,2.99,"927 5th St, New York City, NY 10001",A,Female,Ewallet,1-16-2019
176993,iPhone,1,700,"28 South St, Los Angeles, CA 90001",A,Male,Ewallet,1-16-2019
176993,Wired Headphones,1,11.99,"28 South St, Los Angeles, CA 90001",A,Male,Cash,1-16-2019
176994,Google Phone,1,600,"628 12th St, Los Angeles, CA 90001",B,Female,Cash,1-16-2019
176995,AA Batteries (4-pack),2,3.84,"964 8th St, San Francisco, CA 94016",B,Female,Credit card,1-16-2019
176996,Wired Headphones,1,11.99,"57 Wilson St, Atlanta, GA 30301",B,Male,Cash,1-16-2019
176997,AA Batteries (4-pack),1,3.84,"354 14th St, New York City, NY 10001",C,Female,Cash,1-16-2019
176998,Bose SoundSport Headphones,1,99.99,"481 Maple St, San Francisco, CA 94016",C,Male,Credit card,1-17-2019
176999,Lightning Charging Cable,1,14.95,"192 7th St, Seattle, WA 98101",C,Male,Cash,1-17-2019
177000,USB-C Charging Cable,1,11.95,"936 9th St, Los Angeles, CA 90001",B,Female,Credit card,1-17-2019
177001,Wired Headphones,1,11.99,"958 Walnut St, Los Angeles, CA 90001",C,Female,Cash,1-17-2019
177002,USB-C Charging Cable,1,11.95,"965 Elm St, San Francisco, CA 94016",C,Female,Cash,1-17-2019
177003,USB-C Charging Cable,1,11.95,"903 Wilson St, San Francisco, CA 94016",A,Male,Credit card,1-17-2019
177004,AAA Batteries (4-pack),1,2.99,"781 Wilson St, Los Angeles, CA 90001",C,Female,Credit card,1-17-2019
177005,Lightning Charging Cable,1,14.95,"375 Jefferson St, Los Angeles, CA 90001",C,Female,Credit card,1-17-2019
177006,34in Ultrawide Monitor,1,379.99,"776 Spruce St, Austin, TX 73301",B,Male,Cash,1-17-2019
177007,AAA Batteries (4-pack),1,2.99,"806 Willow St, Boston, MA 02215",C,Male,Ewallet,1-17-2019
177008,Apple Airpods Headphones,1,150,"899 7th St, Dallas, TX 75001",C,Female,Cash,1-17-2019
177009,AA Batteries (4-pack),1,3.84,"623 5th St, Los Angeles, CA 90001",C,Female,Ewallet,1-18-2019
177010,Apple Airpods Headphones,1,150,"885 Jefferson St, Dallas, TX 75001",A,Female,Cash,1-18-2019
177011,Wired Headphones,2,11.99,"742 Maple St, Dallas, TX 75001",A,Male,Credit card,1-18-2019
177012,Lightning Charging Cable,3,14.95,"987 9th St, New York City, NY 10001",B,Male,Cash,1-18-2019
177013,AAA Batteries (4-pack),1,2.99,"398 Pine St, Los Angeles, CA 90001",A,Female,Cash,1-18-2019
177014,Lightning Charging Cable,1,14.95,"918 Maple St, Dallas, TX 75001",A,Male,Credit card,1-18-2019
177015,Lightning Charging Cable,1,14.95,"61 7th St, New York City, NY 10001",A,Female,Credit card,1-18-2019
177016,USB-C Charging Cable,1,11.95,"277 Johnson St, Seattle, WA 98101",C,Male,Ewallet,1-18-2019
177017,AAA Batteries (4-pack),5,2.99,"713 Sunset St, New York City, NY 10001",B,Male,Ewallet,1-18-2019
177018,USB-C Charging Cable,1,11.95,"412 Church St, New York City, NY 10001",A,Male,Ewallet,1-19-2019
177019,USB-C Charging Cable,1,11.95,"2 4th St, San Francisco, CA 94016",C,Male,Cash,1-19-2019
177020,Macbook Pro Laptop,1,1700,"606 Walnut St, Seattle, WA 98101",C,Female,Cash,1-19-2019
177021,Bose SoundSport Headphones,1,99.99,"542 Cedar St, San Francisco, CA 94016",A,Male,Ewallet,1-19-2019
177022,iPhone,1,700,"216 Chestnut St, Los Angeles, CA 90001",B,Male,Cash,1-19-2019
177022,Wired Headphones,1,11.99,"216 Chestnut St, Los Angeles, CA 90001",C,Female,Credit card,1-19-2019
177023,AAA Batteries (4-pack),1,2.99,"320 Adams St, New York City, NY 10001",B,Female,Ewallet,1-19-2019
177024,Bose SoundSport Headphones,1,99.99,"565 Madison St, Los Angeles, CA 90001",B,Female,Cash,1-19-2019
177025,27in FHD Monitor,1,149.99,"708 Cedar St, San Francisco, CA 94016",A,Male,Ewallet,1-19-2019
177026,34in Ultrawide Monitor,1,379.99,"892 5th St, Austin, TX 73301",C,Male,Cash,1-19-2019
177027,USB-C Charging Cable,1,11.95,"472 Pine St, San Francisco, CA 94016",B,Female,Ewallet,1-19-2019
177028,Bose SoundSport Headphones,1,99.99,"456 Jefferson St, Atlanta, GA 30301",B,Female,Ewallet,1-19-2019
177029,Wired Headphones,1,11.99,"404 Church St, Boston, MA 02215",A,Female,Credit card,1-19-2019
177030,USB-C Charging Cable,1,11.95,"60 Adams St, San Francisco, CA 94016",B,Female,Ewallet,1-19-2019
177031,Apple Airpods Headphones,1,150,"448 11th St, Los Angeles, CA 90001",C,Female,Credit card,1-19-2019
177032,iPhone,1,700,"307 7th St, San Francisco, CA 94016",B,Male,Ewallet,1-19-2019
177033,USB-C Charging Cable,1,11.95,"915 Park St, San Francisco, CA 94016",B,Male,Cash,1-20-2019
177034,USB-C Charging Cable,1,11.95,"268 Johnson St, Los Angeles, CA 90001",C,Female,Cash,1-20-2019
177035,Bose SoundSport Headphones,1,99.99,"236 North St, Los Angeles, CA 90001",C,Female,Cash,1-20-2019
177036,Lightning Charging Cable,2,14.95,"125 Park St, San Francisco, CA 94016",B,Female,Cash,1-20-2019
177037,34in Ultrawide Monitor,1,379.99,"135 Jefferson St, San Francisco, CA 94016",A,Female,Cash,1-20-2019
177038,iPhone,1,700,"632 Sunset St, San Francisco, CA 94016",B,Male,Credit card,1-20-2019
177039,AAA Batteries (4-pack),1,2.99,"167 2nd St, San Francisco, CA 94016",C,Female,Ewallet,1-20-2019
177040,USB-C Charging Cable,1,11.95,"485 7th St, San Francisco, CA 94016",C,Male,Ewallet,1-20-2019
177041,Wired Headphones,1,11.99,"265 Spruce St, Atlanta, GA 30301",B,Female,Cash,1-20-2019
177042,Lightning Charging Cable,1,14.95,"876 Hill St, San Francisco, CA 94016",B,Male,Credit card,1-20-2019
177043,27in 4K Gaming Monitor,1,389.99,"658 West St, New York City, NY 10001",A,Male,Ewallet,1-21-2019
177044,AA Batteries (4-pack),1,3.84,"817 4th St, Atlanta, GA 30301",B,Female,Cash,1-21-2019
177045,Flatscreen TV,1,300,"570 1st St, New York City, NY 10001",B,Female,Credit card,1-21-2019
177046,Vareebadd Phone,1,400,"406 12th St, Los Angeles, CA 90001",B,Male,Cash,1-21-2019
177047,Lightning Charging Cable,1,14.95,"258 Johnson St, New York City, NY 10001",C,Female,Credit card,1-21-2019
177048,Bose SoundSport Headphones,1,99.99,"432 5th St, New York City, NY 10001",B,Female,Credit card,1-21-2019
177049,Wired Headphones,1,11.99,"154 Dogwood St, San Francisco, CA 94016",A,Female,Ewallet,1-21-2019
177050,Apple Airpods Headphones,1,150,"510 Elm St, Boston, MA 02215",A,Female,Ewallet,1-21-2019
177051,Wired Headphones,2,11.99,"777 Adams St, Boston, MA 02215",A,Male,Cash,1-22-2019
177052,USB-C Charging Cable,2,11.95,"532 Walnut St, San Francisco, CA 94016",C,Male,Credit card,1-22-2019
177053,Wired Headphones,1,11.99,"5 Adams St, Boston, MA 02215",C,Female,Ewallet,1-22-2019
177054,Apple Airpods Headphones,1,150,"800 Jackson St, Atlanta, GA 30301",B,Male,Ewallet,1-22-2019
177055,Lightning Charging Cable,1,14.95,"59 Forest St, Atlanta, GA 30301",C,Male,Credit card,1-22-2019
177056,Flatscreen TV,1,300,"180 9th St, San Francisco, CA 94016",A,Male,Ewallet,1-22-2019
177057,Bose SoundSport Headphones,1,99.99,"585 Cherry St, New York City, NY 10001",C,Male,Credit card,1-22-2019
177058,20in Monitor,1,109.99,"144 Adams St, Los Angeles, CA 90001",B,Female,Credit card,1-23-2019
177059,AAA Batteries (4-pack),1,2.99,"991 Spruce St, San Francisco, CA 94016",C,Female,Cash,1-23-2019
177060,AA Batteries (4-pack),1,3.84,"97 Wilson St, Boston, MA 02215",A,Female,Credit card,1-23-2019
177061,Bose SoundSport Headphones,1,99.99,"913 North St, New York City, NY 10001",C,Male,Cash,1-23-2019
177062,Apple Airpods Headphones,1,150,"60 Highland St, San Francisco, CA 94016",A,Male,Credit card,1-23-2019
177063,AAA Batteries (4-pack),1,2.99,"489 Washington St, Los Angeles, CA 90001",A,Female,Ewallet,1-23-2019
177064,Wired Headphones,1,11.99,"216 12th St, Portland, OR 97035",B,Male,Credit card,1-23-2019
177065,AAA Batteries (4-pack),4,2.99,"171 Madison St, Boston, MA 02215",B,Male,Ewallet,1-23-2019
177066,Macbook Pro Laptop,1,1700,"278 10th St, San Francisco, CA 94016",B,Female,Credit card,1-23-2019
177067,Lightning Charging Cable,1,14.95,"575 South St, Boston, MA 02215",A,Male,Cash,1-23-2019
177068,27in FHD Monitor,1,149.99,"749 South St, Los Angeles, CA 90001",A,Male,Ewallet,1-23-2019
177069,iPhone,1,700,"295 Jackson St, Portland, OR 97035",A,Male,Credit card,1-23-2019
177070,USB-C Charging Cable,1,11.95,"687 Chestnut St, San Francisco, CA 94016",B,Male,Ewallet,1-23-2019
177071,34in Ultrawide Monitor,1,379.99,"149 Ridge St, San Francisco, CA 94016",C,Female,Ewallet,1-23-2019
177072,iPhone,1,700,"682 9th St, Portland, ME 04101",A,Female,Ewallet,1-23-2019
177073,AA Batteries (4-pack),3,3.84,"725 Elm St, San Francisco, CA 94016",C,Male,Ewallet,1-23-2019
177074,27in FHD Monitor,1,149.99,"531 Main St, Boston, MA 02215",B,Female,Credit card,1-23-2019
177075,Bose SoundSport Headphones,1,99.99,"985 Sunset St, San Francisco, CA 94016",A,Male,Ewallet,1-24-2019
177076,Wired Headphones,1,11.99,"959 Washington St, Los Angeles, CA 90001",A,Female,Credit card,1-24-2019
177077,AAA Batteries (4-pack),1,2.99,"403 Pine St, Dallas, TX 75001",C,Female,Ewallet,1-24-2019
177078,USB-C Charging Cable,1,11.95,"628 4th St, Seattle, WA 98101",A,Male,Ewallet,1-24-2019
177079,Lightning Charging Cable,1,14.95,"60 Cherry St, San Francisco, CA 94016",C,Male,Credit card,1-24-2019
177080,AAA Batteries (4-pack),1,2.99,"395 Spruce St, Atlanta, GA 30301",B,Female,Credit card,1-24-2019
177081,Flatscreen TV,1,300,"920 West St, San Francisco, CA 94016",C,Male,Credit card,1-24-2019
177082,34in Ultrawide Monitor,1,379.99,"15 Johnson St, Seattle, WA 98101",B,Female,Credit card,1-24-2019
177083,Flatscreen TV,1,300,"876 Cedar St, New York City, NY 10001",B,Male,Ewallet,1-24-2019
177084,AA Batteries (4-pack),1,3.84,"25 11th St, Boston, MA 02215",A,Female,Ewallet,1-24-2019
177085,iPhone,1,700,"770 Elm St, New York City, NY 10001",A,Male,Credit card,1-24-2019
177086,Lightning Charging Cable,1,14.95,"669 Chestnut St, Los Angeles, CA 90001",B,Female,Cash,1-24-2019
177087,Wired Headphones,1,11.99,"327 12th St, Atlanta, GA 30301",A,Female,Cash,1-24-2019
177088,AAA Batteries (4-pack),3,2.99,"828 West St, Boston, MA 02215",B,Male,Ewallet,1-25-2019
177089,Apple Airpods Headphones,1,150,"872 North St, San Francisco, CA 94016",B,Female,Cash,1-25-2019
177090,USB-C Charging Cable,1,11.95,"234 River St, Los Angeles, CA 90001",B,Female,Cash,1-25-2019
177091,Apple Airpods Headphones,1,150,"61 Forest St, Los Angeles, CA 90001",C,Male,Credit card,1-25-2019
177092,AAA Batteries (4-pack),1,2.99,"544 Madison St, San Francisco, CA 94016",A,Male,Cash,1-25-2019
177093,27in FHD Monitor,1,149.99,"124 Church St, San Francisco, CA 94016",B,Male,Credit card,1-25-2019
177094,Flatscreen TV,1,300,"785 8th St, Atlanta, GA 30301",B,Female,Cash,1-25-2019
177095,Lightning Charging Cable,1,14.95,"924 Cedar St, Atlanta, GA 30301",C,Female,Ewallet,1-25-2019
177096,USB-C Charging Cable,1,11.95,"115 Church St, Dallas, TX 75001",A,Male,Ewallet,1-25-2019
177097,Vareebadd Phone,1,400,"35 Hickory St, Los Angeles, CA 90001",A,Female,Ewallet,1-25-2019
177098,Apple Airpods Headphones,1,150,"960 4th St, Austin, TX 73301",B,Male,Cash,1-25-2019
177099,AA Batteries (4-pack),1,3.84,"639 11th St, Austin, TX 73301",C,Male,Credit card,1-25-2019
177100,ThinkPad Laptop,1,999.99,"93 Spruce St, Atlanta, GA 30301",B,Female,Ewallet,1-25-2019
177101,Flatscreen TV,1,300,"334 Wilson St, New York City, NY 10001",A,Male,Ewallet,1-25-2019
177102,iPhone,1,700,"542 Center St, New York City, NY 10001",B,Male,Cash,1-25-2019
177102,27in 4K Gaming Monitor,1,389.99,"542 Center St, New York City, NY 10001",A,Female,Credit card,1-25-2019
177103,ThinkPad Laptop,1,999.99,"532 10th St, Portland, OR 97035",C,Female,Credit card,1-25-2019
177104,Lightning Charging Cable,1,14.95,"505 12th St, Boston, MA 02215",A,Female,Cash,1-26-2019
177105,Bose SoundSport Headphones,1,99.99,"60 Maple St, San Francisco, CA 94016",B,Female,Credit card,1-26-2019
177106,USB-C Charging Cable,1,11.95,"167 9th St, Los Angeles, CA 90001",C,Female,Ewallet,1-26-2019
177107,Bose SoundSport Headphones,1,99.99,"153 Johnson St, Los Angeles, CA 90001",B,Female,Credit card,1-26-2019
177108,Bose SoundSport Headphones,1,99.99,"410 Jefferson St, San Francisco, CA 94016",B,Male,Cash,1-26-2019
177109,Bose SoundSport Headphones,1,99.99,"550 Hickory St, New York City, NY 10001",A,Male,Ewallet,1-26-2019
177110,AAA Batteries (4-pack),2,2.99,"307 8th St, San Francisco, CA 94016",B,Male,Credit card,1-26-2019
177111,USB-C Charging Cable,1,11.95,"591 Sunset St, San Francisco, CA 94016",A,Male,Credit card,1-26-2019
177112,USB-C Charging Cable,1,11.95,"66 Johnson St, Boston, MA 02215",B,Male,Ewallet,1-26-2019
177113,20in Monitor,1,109.99,"554 Cedar St, Austin, TX 73301",B,Male,Cash,1-26-2019
177114,Apple Airpods Headphones,1,150,"488 Ridge St, Portland, OR 97035",C,Male,Ewallet,1-26-2019
177115,iPhone,1,700,"71 6th St, San Francisco, CA 94016",A,Female,Cash,1-26-2019
177115,Lightning Charging Cable,1,14.95,"71 6th St, San Francisco, CA 94016",B,Male,Ewallet,1-26-2019
177116,Bose SoundSport Headphones,1,99.99,"615 Cedar St, Los Angeles, CA 90001",C,Male,Cash,1-26-2019
177117,ThinkPad Laptop,1,999.99,"564 Hill St, San Francisco, CA 94016",A,Female,Cash,1-26-2019
177117,AAA Batteries (4-pack),1,2.99,"564 Hill St, San Francisco, CA 94016",C,Female,Credit card,1-26-2019
177118,AA Batteries (4-pack),1,3.84,"618 Park St, San Francisco, CA 94016",B,Female,Credit card,1-26-2019
177119,Vareebadd Phone,1,400,"617 Highland St, Seattle, WA 98101",B,Male,Ewallet,1-27-2019
177120,Macbook Pro Laptop,1,1700,"371 Church St, New York City, NY 10001",A,Male,Credit card,1-27-2019
177121,Lightning Charging Cable,1,14.95,"377 Chestnut St, San Francisco, CA 94016",A,Female,Cash,1-27-2019
177122,Apple Airpods Headphones,1,150,"57 11th St, Seattle, WA 98101",A,Female,Ewallet,1-27-2019
177123,Flatscreen TV,1,300,"910 Cedar St, San Francisco, CA 94016",C,Male,Cash,1-27-2019
177124,Lightning Charging Cable,1,14.95,"473 4th St, Dallas, TX 75001",A,Male,Cash,1-27-2019
177125,Lightning Charging Cable,1,14.95,"377 Spruce St, Austin, TX 73301",C,Male,Credit card,1-27-2019
177126,Bose SoundSport Headphones,1,99.99,"838 Johnson St, San Francisco, CA 94016",C,Female,Ewallet,1-27-2019
177127,27in FHD Monitor,1,149.99,"469 6th St, Austin, TX 73301",A,Female,Cash,1-27-2019
177128,Flatscreen TV,1,300,"162 14th St, Los Angeles, CA 90001",A,Female,Ewallet,1-27-2019
177129,Apple Airpods Headphones,1,150,"474 Elm St, San Francisco, CA 94016",B,Male,Cash,1-27-2019
177130,LG Washing Machine,1,600,"777 Center St, Los Angeles, CA 90001",B,Male,Credit card,1-27-2019
177131,Lightning Charging Cable,1,14.95,"142 Wilson St, New York City, NY 10001",A,Male,Credit card,1-27-2019
177132,27in FHD Monitor,1,149.99,"215 Walnut St, Atlanta, GA 30301",C,Female,Ewallet,1-27-2019
177133,27in FHD Monitor,1,149.99,"929 Jackson St, Los Angeles, CA 90001",C,Female,Cash,1-28-2019
177134,Lightning Charging Cable,1,14.95,"132 Ridge St, San Francisco, CA 94016",A,Female,Ewallet,1-28-2019
177135,iPhone,1,700,"528 Ridge St, Los Angeles, CA 90001",C,Male,Ewallet,1-28-2019
177136,USB-C Charging Cable,1,11.95,"612 Center St, Boston, MA 02215",C,Female,Credit card,1-28-2019
177137,AA Batteries (4-pack),1,3.84,"72 11th St, Los Angeles, CA 90001",C,Male,Ewallet,1-28-2019
177138,AAA Batteries (4-pack),1,2.99,"525 4th St, New York City, NY 10001",B,Female,Ewallet,1-28-2019
177139,Apple Airpods Headphones,2,150,"723 Madison St, San Francisco, CA 94016",C,Female,Cash,1-28-2019
177140,Lightning Charging Cable,1,14.95,"802 North St, Seattle, WA 98101",B,Male,Cash,1-28-2019
177141,AAA Batteries (4-pack),1,2.99,"559 4th St, San Francisco, CA 94016",A,Female,Ewallet,1-28-2019
177142,Lightning Charging Cable,1,14.95,"555 Madison St, Boston, MA 02215",C,Female,Credit card,1-28-2019
177143,Wired Headphones,1,11.99,"974 Madison St, Los Angeles, CA 90001",A,Male,Ewallet,1-28-2019
177144,27in 4K Gaming Monitor,1,389.99,"740 Jackson St, Portland, OR 97035",B,Male,Ewallet,1-28-2019
177145,LG Washing Machine,1,600,"790 Walnut St, San Francisco, CA 94016",A,Female,Credit card,1-28-2019
177146,Lightning Charging Cable,1,14.95,"425 Hill St, Portland, OR 97035",C,Female,Cash,1-28-2019
177147,20in Monitor,1,109.99,"506 River St, San Francisco, CA 94016",B,Male,Cash,1-29-2019
177148,USB-C Charging Cable,1,11.95,"681 Center St, Atlanta, GA 30301",C,Male,Credit card,1-29-2019
177149,34in Ultrawide Monitor,1,379.99,"346 12th St, Dallas, TX 75001",A,Male,Ewallet,1-29-2019
177150,Wired Headphones,1,11.99,"727 Pine St, Los Angeles, CA 90001",A,Female,Ewallet,1-29-2019
177151,ThinkPad Laptop,1,999.99,"625 Spruce St, San Francisco, CA 94016",B,Male,Cash,1-29-2019
177152,ThinkPad Laptop,1,999.99,"587 9th St, Los Angeles, CA 90001",C,Male,Ewallet,1-29-2019
177153,Flatscreen TV,1,300,"602 Jefferson St, Austin, TX 73301",A,Male,Credit card,1-29-2019
177154,AAA Batteries (4-pack),1,2.99,"136 6th St, San Francisco, CA 94016",C,Female,Ewallet,1-29-2019
177155,Lightning Charging Cable,1,14.95,"747 Cedar St, Seattle, WA 98101",A,Female,Credit card,1-29-2019
177156,Apple Airpods Headphones,1,150,"367 Willow St, New York City, NY 10001",A,Female,Cash,1-29-2019
177157,AA Batteries (4-pack),1,3.84,"518 Madison St, San Francisco, CA 94016",B,Female,Credit card,1-29-2019
177158,Lightning Charging Cable,2,14.95,"294 Lincoln St, Los Angeles, CA 90001",B,Female,Credit card,1-29-2019
177159,AAA Batteries (4-pack),1,2.99,"600 Cedar St, Atlanta, GA 30301",B,Male,Cash,1-30-2019
177160,AAA Batteries (4-pack),7,2.99,"689 7th St, Dallas, TX 75001",B,Female,Cash,1-30-2019
177161,Wired Headphones,1,11.99,"243 Pine St, San Francisco, CA 94016",A,Male,Ewallet,1-30-2019
177162,Bose SoundSport Headphones,1,99.99,"18 Main St, Los Angeles, CA 90001",B,Male,Cash,1-30-2019
177163,Wired Headphones,1,11.99,"579 14th St, San Francisco, CA 94016",A,Male,Ewallet,1-30-2019
177164,Lightning Charging Cable,1,14.95,"877 Hill St, Los Angeles, CA 90001",A,Female,Credit card,1-30-2019
177165,Wired Headphones,1,11.99,"435 Highland St, San Francisco, CA 94016",A,Male,Credit card,1-30-2019
177166,Wired Headphones,1,11.99,"375 13th St, Boston, MA 02215",A,Male,Ewallet,1-30-2019
177167,iPhone,1,700,"39 Lakeview St, Boston, MA 02215",A,Male,Credit card,1-30-2019
177167,Apple Airpods Headphones,1,150,"39 Lakeview St, Boston, MA 02215",B,Male,Ewallet,1-31-2019
177167,AAA Batteries (4-pack),3,2.99,"39 Lakeview St, Boston, MA 02215",B,Male,Credit card,1-31-2019
177168,Google Phone,1,600,"306 Jackson St, New York City, NY 10001",B,Male,Credit card,1-31-2019
177169,27in FHD Monitor,1,149.99,"856 9th St, Portland, OR 97035",A,Male,Credit card,1-31-2019
177170,USB-C Charging Cable,1,11.95,"756 10th St, San Francisco, CA 94016",C,Female,Cash,1-31-2019
177171,Vareebadd Phone,1,400,"550 Walnut St, San Francisco, CA 94016",B,Female,Cash,1-31-2019
177172,Bose SoundSport Headphones,1,99.99,"872 13th St, New York City, NY 10001",B,Male,Ewallet,1-31-2019
177173,Lightning Charging Cable,1,14.95,"396 Sunset St, Los Angeles, CA 90001",B,Female,Ewallet,1-31-2019
177174,AAA Batteries (4-pack),1,2.99,"431 Walnut St, Los Angeles, CA 90001",C,Female,Ewallet,1-31-2019
177175,Macbook Pro Laptop,1,1700,"603 Lake St, Los Angeles, CA 90001",B,Male,Ewallet,1-31-2019
177176,USB-C Charging Cable,1,11.95,"5 Center St, Dallas, TX 75001",C,Female,Credit card,1-31-2019
177177,AA Batteries (4-pack),1,3.84,"182 12th St, San Francisco, CA 94016",C,Male,Ewallet,1-31-2019
177178,iPhone,1,700,"342 Dogwood St, Seattle, WA 98101",A,Male,Ewallet,1-31-2019
177178,Lightning Charging Cable,1,14.95,"342 Dogwood St, Seattle, WA 98101",C,Male,Cash,1-31-2019
177179,Lightning Charging Cable,1,14.95,"225 Pine St, Austin, TX 73301",B,Male,Cash,2-13-2019
177180,USB-C Charging Cable,1,11.95,"679 Jackson St, Dallas, TX 75001",C,Female,Cash,2-13-2019
177181,Wired Headphones,1,11.99,"309 8th St, Los Angeles, CA 90001",C,Male,Cash,2-13-2019
177181,Apple Airpods Headphones,1,150,"309 8th St, Los Angeles, CA 90001",B,Male,Ewallet,2-13-2019
177182,Macbook Pro Laptop,1,1700,"332 10th St, Los Angeles, CA 90001",B,Female,Cash,2-13-2019
177182,ThinkPad Laptop,1,999.99,"332 10th St, Los Angeles, CA 90001",A,Male,Cash,2-13-2019
177183,Wired Headphones,1,11.99,"973 Lincoln St, Boston, MA 02215",B,Male,Ewallet,2-13-2019
177184,AA Batteries (4-pack),1,3.84,"289 Hill St, Atlanta, GA 30301",B,Male,Credit card,2-13-2019
177184,Flatscreen TV,1,300,"289 Hill St, Atlanta, GA 30301",A,Female,Credit card,2-14-2019
177185,Lightning Charging Cable,1,14.95,"985 11th St, Dallas, TX 75001",C,Female,Credit card,2-14-2019
177186,Bose SoundSport Headphones,1,99.99,"879 Ridge St, Austin, TX 73301",A,Female,Ewallet,2-14-2019
177187,Google Phone,1,600,"600 1st St, Seattle, WA 98101",A,Female,Cash,2-14-2019
177188,AAA Batteries (4-pack),2,2.99,"281 Lake St, Los Angeles, CA 90001",A,Male,Credit card,2-14-2019
177189,Bose SoundSport Headphones,1,99.99,"346 7th St, Dallas, TX 75001",B,Female,Cash,2-14-2019
177190,Lightning Charging Cable,1,14.95,"403 Lake St, San Francisco, CA 94016",C,Male,Credit card,2-14-2019
177191,Bose SoundSport Headphones,1,99.99,"276 Cherry St, San Francisco, CA 94016",B,Female,Credit card,2-14-2019
177192,AAA Batteries (4-pack),1,2.99,"847 1st St, Los Angeles, CA 90001",C,Female,Credit card,2-15-2019
177193,Apple Airpods Headphones,1,150,"333 Park St, San Francisco, CA 94016",C,Female,Cash,2-15-2019
177194,Lightning Charging Cable,1,14.95,"477 Wilson St, Austin, TX 73301",A,Female,Ewallet,2-15-2019
177195,AA Batteries (4-pack),1,3.84,"598 Spruce St, San Francisco, CA 94016",B,Male,Ewallet,2-15-2019
177196,Apple Airpods Headphones,1,150,"193 1st St, San Francisco, CA 94016",B,Female,Ewallet,2-15-2019
177197,ThinkPad Laptop,1,999.99,"654 River St, New York City, NY 10001",C,Female,Ewallet,2-15-2019
177198,Vareebadd Phone,1,400,"154 6th St, New York City, NY 10001",B,Female,Credit card,2-15-2019
177198,USB-C Charging Cable,2,11.95,"154 6th St, New York City, NY 10001",A,Male,Ewallet,2-15-2019
177199,iPhone,1,700,"640 Hill St, Austin, TX 73301",B,Male,Cash,2-15-2019
177200,AAA Batteries (4-pack),1,2.99,"419 4th St, Los Angeles, CA 90001",B,Female,Ewallet,2-15-2019
177201,USB-C Charging Cable,1,11.95,"505 River St, Los Angeles, CA 90001",C,Male,Credit card,2-15-2019
177201,Lightning Charging Cable,1,14.95,"505 River St, Los Angeles, CA 90001",A,Female,Credit card,2-15-2019
177202,USB-C Charging Cable,1,11.95,"828 Washington St, Atlanta, GA 30301",B,Male,Cash,2-15-2019
177203,27in FHD Monitor,1,149.99,"585 2nd St, Austin, TX 73301",B,Female,Credit card,2-15-2019
177204,Lightning Charging Cable,1,14.95,"887 Johnson St, Austin, TX 73301",A,Female,Cash,2-15-2019
177205,AA Batteries (4-pack),2,3.84,"927 Hill St, San Francisco, CA 94016",C,Male,Ewallet,2-15-2019
177206,Apple Airpods Headphones,1,150,"307 Washington St, New York City, NY 10001",A,Male,Ewallet,2-15-2019
177207,USB-C Charging Cable,1,11.95,"44 Cedar St, Dallas, TX 75001",B,Female,Cash,2-15-2019
177208,Vareebadd Phone,1,400,"164 2nd St, Austin, TX 73301",B,Female,Credit card,2-15-2019
177209,Lightning Charging Cable,1,14.95,"799 Chestnut St, New York City, NY 10001",C,Female,Ewallet,2-16-2019
177210,AA Batteries (4-pack),1,3.84,"462 Elm St, Boston, MA 02215",A,Male,Ewallet,2-16-2019
177211,AA Batteries (4-pack),3,3.84,"107 Chestnut St, New York City, NY 10001",B,Female,Ewallet,2-16-2019
177212,Lightning Charging Cable,1,14.95,"561 Madison St, Portland, OR 97035",B,Female,Credit card,2-16-2019
177213,iPhone,1,700,"756 Lincoln St, Dallas, TX 75001",B,Female,Credit card,2-16-2019
177213,Lightning Charging Cable,1,14.95,"756 Lincoln St, Dallas, TX 75001",A,Male,Cash,2-16-2019
177214,AAA Batteries (4-pack),2,2.99,"616 9th St, Seattle, WA 98101",C,Male,Cash,2-16-2019
177215,Bose SoundSport Headphones,1,99.99,"67 13th St, Seattle, WA 98101",A,Female,Cash,2-16-2019
177216,Macbook Pro Laptop,1,1700,"712 12th St, Atlanta, GA 30301",C,Female,Cash,2-17-2019
177217,Macbook Pro Laptop,1,1700,"262 Willow St, New York City, NY 10001",C,Male,Ewallet,2-17-2019
177218,Wired Headphones,1,11.99,"222 River St, New York City, NY 10001",A,Male,Cash,2-17-2019
177219,AA Batteries (4-pack),1,3.84,"380 Jefferson St, Seattle, WA 98101",C,Female,Cash,2-17-2019
177220,Wired Headphones,1,11.99,"244 Elm St, New York City, NY 10001",C,Female,Cash,2-17-2019
177221,34in Ultrawide Monitor,1,379.99,"5 Hickory St, San Francisco, CA 94016",A,Female,Cash,2-17-2019
177222,AA Batteries (4-pack),3,3.84,"287 13th St, New York City, NY 10001",A,Female,Ewallet,2-17-2019
177223,27in 4K Gaming Monitor,1,389.99,"202 12th St, San Francisco, CA 94016",B,Male,Ewallet,2-17-2019
177224,Lightning Charging Cable,1,14.95,"151 5th St, Atlanta, GA 30301",A,Male,Credit card,2-17-2019
177225,ThinkPad Laptop,1,999.99,"399 Church St, San Francisco, CA 94016",C,Male,Ewallet,2-17-2019
177226,Lightning Charging Cable,1,14.95,"884 Jackson St, Los Angeles, CA 90001",C,Female,Ewallet,2-17-2019
177227,AA Batteries (4-pack),1,3.84,"544 11th St, Seattle, WA 98101",B,Male,Credit card,2-17-2019
177228,Google Phone,1,600,"233 South St, Dallas, TX 75001",B,Female,Credit card,2-17-2019
177228,AA Batteries (4-pack),1,3.84,"233 South St, Dallas, TX 75001",B,Male,Cash,2-18-2019
177229,27in 4K Gaming Monitor,1,389.99,"877 Walnut St, Seattle, WA 98101",B,Female,Cash,2-18-2019
177230,iPhone,1,700,"16 River St, Portland, ME 04101",B,Male,Cash,2-18-2019
177231,USB-C Charging Cable,1,11.95,"508 Johnson St, Austin, TX 73301",B,Female,Ewallet,2-18-2019
177232,Wired Headphones,1,11.99,"597 Jefferson St, San Francisco, CA 94016",C,Male,Cash,2-18-2019
177233,Google Phone,1,600,"622 7th St, Portland, ME 04101",C,Male,Ewallet,2-18-2019
177234,Lightning Charging Cable,1,14.95,"664 7th St, Atlanta, GA 30301",A,Male,Ewallet,2-19-2019
177235,AA Batteries (4-pack),2,3.84,"369 9th St, Dallas, TX 75001",A,Male,Cash,2-19-2019
177236,Flatscreen TV,1,300,"388 2nd St, Los Angeles, CA 90001",C,Female,Ewallet,2-19-2019
177237,AA Batteries (4-pack),1,3.84,"108 Center St, New York City, NY 10001",C,Female,Ewallet,2-19-2019
177238,AA Batteries (4-pack),1,3.84,"966 Lake St, San Francisco, CA 94016",C,Female,Ewallet,2-19-2019
177239,iPhone,1,700,"336 Maple St, San Francisco, CA 94016",C,Male,Ewallet,2-19-2019
177240,27in FHD Monitor,1,149.99,"226 Washington St, Los Angeles, CA 90001",A,Female,Credit card,2-19-2019
177241,Lightning Charging Cable,1,14.95,"999 North St, Dallas, TX 75001",A,Female,Ewallet,2-19-2019
177242,USB-C Charging Cable,1,11.95,"354 Center St, New York City, NY 10001",A,Male,Credit card,2-19-2019
177243,AAA Batteries (4-pack),1,2.99,"287 North St, Los Angeles, CA 90001",A,Male,Credit card,2-20-2019
177244,USB-C Charging Cable,1,11.95,"993 12th St, Los Angeles, CA 90001",B,Female,Credit card,2-20-2019
177245,Lightning Charging Cable,1,14.95,"472 Sunset St, San Francisco, CA 94016",B,Female,Cash,2-20-2019
177246,AA Batteries (4-pack),1,3.84,"768 Jefferson St, Seattle, WA 98101",C,Female,Cash,2-20-2019
177247,20in Monitor,1,109.99,"613 7th St, Los Angeles, CA 90001",B,Male,Credit card,2-20-2019
177248,Lightning Charging Cable,1,14.95,"597 Maple St, San Francisco, CA 94016",C,Female,Cash,2-20-2019
177249,AA Batteries (4-pack),1,3.84,"61 Adams St, Atlanta, GA 30301",B,Male,Ewallet,2-20-2019
177250,Apple Airpods Headphones,1,150,"586 Jackson St, Dallas, TX 75001",C,Female,Cash,2-20-2019
177251,Lightning Charging Cable,1,14.95,"580 Lincoln St, Austin, TX 73301",C,Male,Credit card,2-20-2019
177252,Lightning Charging Cable,1,14.95,"904 Chestnut St, San Francisco, CA 94016",B,Male,Credit card,2-20-2019
177253,Apple Airpods Headphones,1,150,"456 Cherry St, San Francisco, CA 94016",C,Male,Ewallet,2-21-2019
177254,AA Batteries (4-pack),1,3.84,"689 Cherry St, Boston, MA 02215",B,Female,Cash,2-21-2019
177254,AAA Batteries (4-pack),2,2.99,"689 Cherry St, Boston, MA 02215",A,Female,Credit card,2-21-2019
177255,USB-C Charging Cable,2,11.95,"695 Hill St, Boston, MA 02215",A,Male,Ewallet,2-21-2019
,,,,,A,Male,Ewallet,2-21-2019
177256,Bose SoundSport Headphones,1,99.99,"789 11th St, San Francisco, CA 94016",B,Male,Ewallet,2-21-2019
177256,AA Batteries (4-pack),1,3.84,"789 11th St, San Francisco, CA 94016",B,Male,Ewallet,2-22-2019
177257,AA Batteries (4-pack),1,3.84,"317 Hill St, Portland, OR 97035",C,Male,Credit card,2-22-2019
177258,Lightning Charging Cable,1,14.95,"272 10th St, Dallas, TX 75001",C,Female,Credit card,2-22-2019
177259,34in Ultrawide Monitor,1,379.99,"176 Hill St, New York City, NY 10001",C,Male,Ewallet,2-22-2019
177260,Bose SoundSport Headphones,1,99.99,"288 Jackson St, Atlanta, GA 30301",B,Male,Ewallet,2-22-2019
177261,34in Ultrawide Monitor,1,379.99,"804 8th St, Boston, MA 02215",A,Male,Cash,2-22-2019
177262,USB-C Charging Cable,1,11.95,"804 Johnson St, Portland, OR 97035",C,Male,Cash,2-22-2019
177263,27in 4K Gaming Monitor,1,389.99,"70 Johnson St, San Francisco, CA 94016",C,Male,Ewallet,2-22-2019
177264,AAA Batteries (4-pack),2,2.99,"236 9th St, Austin, TX 73301",A,Female,Ewallet,2-22-2019
177265,Bose SoundSport Headphones,1,99.99,"164 Hickory St, San Francisco, CA 94016",A,Male,Ewallet,2-22-2019
177266,AA Batteries (4-pack),1,3.84,"251 Highland St, New York City, NY 10001",C,Female,Credit card,2-23-2019
177267,Bose SoundSport Headphones,1,99.99,"410 Hill St, Atlanta, GA 30301",C,Female,Cash,2-23-2019
177268,AAA Batteries (4-pack),2,2.99,"985 Main St, New York City, NY 10001",B,Male,Credit card,2-23-2019
177269,AAA Batteries (4-pack),1,2.99,"460 2nd St, Dallas, TX 75001",C,Female,Credit card,2-23-2019
177270,Google Phone,1,600,"518 North St, Los Angeles, CA 90001",B,Female,Credit card,2-23-2019
177271,AA Batteries (4-pack),1,3.84,"832 Adams St, New York City, NY 10001",C,Male,Cash,2-23-2019
177272,Lightning Charging Cable,2,14.95,"195 South St, Boston, MA 02215",B,Female,Ewallet,2-23-2019
177273,USB-C Charging Cable,1,11.95,"351 4th St, San Francisco, CA 94016",A,Female,Credit card,2-23-2019
177274,AA Batteries (4-pack),1,3.84,"559 Washington St, Seattle, WA 98101",A,Female,Ewallet,2-24-2019
177275,AA Batteries (4-pack),2,3.84,"542 14th St, Boston, MA 02215",B,Male,Ewallet,2-24-2019
177276,AA Batteries (4-pack),1,3.84,"519 13th St, New York City, NY 10001",C,Female,Ewallet,2-24-2019
177277,Wired Headphones,1,11.99,"467 Elm St, San Francisco, CA 94016",A,Female,Credit card,2-24-2019
177278,AA Batteries (4-pack),1,3.84,"936 Maple St, Boston, MA 02215",B,Female,Ewallet,2-24-2019
177279,27in 4K Gaming Monitor,1,389.99,"235 Church St, Dallas, TX 75001",A,Female,Cash,2-24-2019
177280,Lightning Charging Cable,1,14.95,"23 Madison St, San Francisco, CA 94016",A,Male,Ewallet,2-24-2019
177281,27in FHD Monitor,1,149.99,"524 Hickory St, Atlanta, GA 30301",A,Female,Ewallet,2-24-2019
177282,Wired Headphones,1,11.99,"710 7th St, Los Angeles, CA 90001",B,Female,Credit card,2-24-2019
177283,USB-C Charging Cable,1,11.95,"874 Maple St, San Francisco, CA 94016",B,Male,Credit card,2-25-2019
177284,Bose SoundSport Headphones,1,99.99,"593 Church St, Boston, MA 02215",A,Female,Ewallet,2-25-2019
177285,20in Monitor,1,109.99,"947 Hickory St, San Francisco, CA 94016",A,Female,Ewallet,2-25-2019
177286,AAA Batteries (4-pack),1,2.99,"545 5th St, New York City, NY 10001",A,Male,Credit card,2-25-2019
177287,AA Batteries (4-pack),2,3.84,"463 Hill St, San Francisco, CA 94016",B,Female,Ewallet,2-25-2019
177288,USB-C Charging Cable,1,11.95,"102 Center St, San Francisco, CA 94016",C,Female,Credit card,2-25-2019
177289,Lightning Charging Cable,1,14.95,"441 Lakeview St, Dallas, TX 75001",B,Male,Cash,2-25-2019
177290,27in FHD Monitor,1,149.99,"37 Sunset St, San Francisco, CA 94016",B,Female,Cash,2-25-2019
177291,Apple Airpods Headphones,1,150,"172 Lincoln St, New York City, NY 10001",A,Female,Cash,2-25-2019
177292,Wired Headphones,1,11.99,"76 Jefferson St, Los Angeles, CA 90001",B,Female,Ewallet,2-25-2019
177293,AA Batteries (4-pack),3,3.84,"223 2nd St, New York City, NY 10001",C,Female,Credit card,2-25-2019
177294,Lightning Charging Cable,1,14.95,"573 Madison St, Austin, TX 73301",C,Female,Ewallet,2-25-2019
177295,AAA Batteries (4-pack),2,2.99,"736 1st St, Boston, MA 02215",C,Female,Credit card,2-25-2019
177296,Lightning Charging Cable,1,14.95,"846 Meadow St, New York City, NY 10001",C,Male,Cash,2-25-2019
177297,Apple Airpods Headphones,1,150,"4 Cherry St, Boston, MA 02215",B,Female,Credit card,2-25-2019
177298,34in Ultrawide Monitor,1,379.99,"173 1st St, New York City, NY 10001",C,Male,Credit card,2-25-2019
177299,AAA Batteries (4-pack),1,2.99,"555 2nd St, Portland, ME 04101",B,Male,Cash,2-26-2019
177300,20in Monitor,1,109.99,"276 Lincoln St, Los Angeles, CA 90001",C,Male,Cash,2-26-2019
177300,Apple Airpods Headphones,1,150,"276 Lincoln St, Los Angeles, CA 90001",B,Male,Ewallet,2-26-2019
177301,AA Batteries (4-pack),1,3.84,"102 Chestnut St, Los Angeles, CA 90001",C,Male,Cash,2-26-2019
177302,27in FHD Monitor,1,149.99,"560 Sunset St, Los Angeles, CA 90001",A,Female,Ewallet,2-26-2019
177303,Wired Headphones,1,11.99,"890 Jefferson St, Boston, MA 02215",A,Female,Credit card,2-26-2019
177304,Lightning Charging Cable,1,14.95,"181 Dogwood St, Los Angeles, CA 90001",C,Female,Cash,2-26-2019
177305,20in Monitor,1,109.99,"164 Pine St, Seattle, WA 98101",C,Female,Ewallet,2-26-2019
177306,20in Monitor,1,109.99,"171 Chestnut St, Portland, ME 04101",A,Male,Credit card,2-26-2019
177307,Wired Headphones,1,11.99,"380 Cedar St, Austin, TX 73301",C,Male,Ewallet,2-27-2019
177308,AA Batteries (4-pack),2,3.84,"944 Washington St, Boston, MA 02215",C,Female,Credit card,2-27-2019
177309,27in 4K Gaming Monitor,1,389.99,"980 Hickory St, New York City, NY 10001",C,Male,Credit card,2-27-2019
177310,iPhone,1,700,"68 Chestnut St, Los Angeles, CA 90001",A,Male,Ewallet,2-27-2019
177311,Lightning Charging Cable,1,14.95,"782 South St, Dallas, TX 75001",A,Male,Credit card,2-27-2019
177312,AA Batteries (4-pack),3,3.84,"455 North St, San Francisco, CA 94016",C,Male,Credit card,2-27-2019
177313,Macbook Pro Laptop,1,1700,"317 Madison St, San Francisco, CA 94016",B,Female,Credit card,2-27-2019
177314,Apple Airpods Headphones,1,150,"462 Lincoln St, Seattle, WA 98101",A,Male,Credit card,2-27-2019
177315,27in FHD Monitor,1,149.99,"121 Walnut St, Seattle, WA 98101",A,Female,Credit card,2-27-2019
177316,iPhone,1,700,"454 4th St, Dallas, TX 75001",B,Male,Ewallet,2-27-2019
177317,AAA Batteries (4-pack),1,2.99,"49 Cedar St, San Francisco, CA 94016",C,Female,Cash,2-27-2019
177318,iPhone,1,700,"484 10th St, New York City, NY 10001",A,Female,Cash,2-27-2019
177319,USB-C Charging Cable,1,11.95,"650 14th St, Los Angeles, CA 90001",B,Male,Credit card,2-27-2019
177320,Flatscreen TV,1,300,"162 North St, San Francisco, CA 94016",C,Male,Ewallet,2-27-2019
177321,27in 4K Gaming Monitor,1,389.99,"115 Wilson St, Los Angeles, CA 90001",B,Male,Ewallet,2-28-2019
177322,USB-C Charging Cable,1,11.95,"652 Lakeview St, Seattle, WA 98101",C,Female,Ewallet,2-28-2019
177323,Lightning Charging Cable,1,14.95,"584 Jackson St, Seattle, WA 98101",C,Male,Ewallet,2-28-2019
177324,Wired Headphones,1,11.99,"809 11th St, Atlanta, GA 30301",A,Female,Cash,2-28-2019
177325,Apple Airpods Headphones,1,150,"844 12th St, San Francisco, CA 94016",B,Female,Cash,2-28-2019
177326,Bose SoundSport Headphones,1,99.99,"847 Cherry St, Los Angeles, CA 90001",A,Female,Cash,2-28-2019
177327,Lightning Charging Cable,1,14.95,"837 Adams St, Boston, MA 02215",A,Female,Credit card,3-13-2019
177328,ThinkPad Laptop,1,999.99,"857 Ridge St, Boston, MA 02215",A,Female,Cash,3-13-2019
177329,iPhone,1,700,"653 Walnut St, Seattle, WA 98101",B,Female,Cash,3-13-2019
177330,USB-C Charging Cable,1,11.95,"698 12th St, San Francisco, CA 94016",C,Female,Ewallet,3-13-2019
177331,USB-C Charging Cable,1,11.95,"1 Ridge St, Boston, MA 02215",B,Male,Ewallet,3-13-2019
177332,Apple Airpods Headphones,1,150,"859 5th St, Seattle, WA 98101",A,Female,Credit card,3-13-2019
177333,Apple Airpods Headphones,1,150,"689 Madison St, Boston, MA 02215",C,Female,Credit card,3-13-2019
177334,Wired Headphones,1,11.99,"522 12th St, Atlanta, GA 30301",A,Male,Cash,3-13-2019
177335,Wired Headphones,1,11.99,"95 South St, New York City, NY 10001",A,Female,Cash,3-13-2019
177336,Apple Airpods Headphones,1,150,"159 7th St, Seattle, WA 98101",B,Female,Ewallet,3-13-2019
177337,AAA Batteries (4-pack),1,2.99,"975 Sunset St, Seattle, WA 98101",C,Female,Cash,3-14-2019
177338,Wired Headphones,1,11.99,"130 4th St, Los Angeles, CA 90001",A,Male,Ewallet,3-14-2019
177339,Wired Headphones,1,11.99,"64 Maple St, Portland, OR 97035",B,Male,Credit card,3-14-2019
177340,27in 4K Gaming Monitor,1,389.99,"811 Spruce St, Los Angeles, CA 90001",B,Male,Credit card,3-14-2019
177341,AA Batteries (4-pack),2,3.84,"822 2nd St, New York City, NY 10001",B,Male,Ewallet,3-14-2019
177342,Bose SoundSport Headphones,1,99.99,"451 Pine St, San Francisco, CA 94016",A,Female,Credit card,3-14-2019
177343,USB-C Charging Cable,1,11.95,"221 Walnut St, San Francisco, CA 94016",C,Male,Cash,3-14-2019
177344,Google Phone,1,600,"286 Jackson St, Los Angeles, CA 90001",A,Female,Cash,3-14-2019
177345,Wired Headphones,1,11.99,"625 2nd St, New York City, NY 10001",B,Female,Credit card,3-14-2019
177346,27in 4K Gaming Monitor,1,389.99,"593 Spruce St, Los Angeles, CA 90001",A,Female,Credit card,3-14-2019
177347,Bose SoundSport Headphones,1,99.99,"888 Pine St, Atlanta, GA 30301",B,Female,Credit card,3-14-2019
177348,Macbook Pro Laptop,1,1700,"972 9th St, Seattle, WA 98101",A,Male,Credit card,3-14-2019
177349,Lightning Charging Cable,1,14.95,"163 Forest St, Boston, MA 02215",C,Male,Cash,3-14-2019
177350,Google Phone,1,600,"833 Wilson St, Portland, OR 97035",A,Female,Credit card,3-14-2019
177351,iPhone,1,700,"844 6th St, Dallas, TX 75001",A,Male,Cash,3-14-2019
177352,34in Ultrawide Monitor,1,379.99,"464 Walnut St, Los Angeles, CA 90001",B,Male,Cash,3-14-2019
177353,Macbook Pro Laptop,1,1700,"654 South St, Portland, OR 97035",B,Female,Cash,3-14-2019
177354,Google Phone,1,600,"432 Chestnut St, New York City, NY 10001",A,Male,Ewallet,3-14-2019
177355,34in Ultrawide Monitor,1,379.99,"233 Jefferson St, Seattle, WA 98101",B,Female,Ewallet,3-15-2019
177356,27in FHD Monitor,1,149.99,"69 10th St, New York City, NY 10001",A,Male,Cash,3-15-2019
177357,Wired Headphones,1,11.99,"139 Pine St, Los Angeles, CA 90001",A,Male,Ewallet,3-15-2019
177358,AAA Batteries (4-pack),1,2.99,"159 Cherry St, Boston, MA 02215",B,Male,Credit card,3-15-2019
177359,Macbook Pro Laptop,1,1700,"143 Willow St, San Francisco, CA 94016",C,Male,Cash,3-15-2019
177360,AAA Batteries (4-pack),2,2.99,"636 River St, New York City, NY 10001",C,Female,Ewallet,3-15-2019
177361,AA Batteries (4-pack),2,3.84,"440 5th St, Boston, MA 02215",A,Male,Cash,3-15-2019
177362,Flatscreen TV,1,300,"602 Sunset St, Portland, OR 97035",B,Male,Cash,3-15-2019
177363,Bose SoundSport Headphones,1,99.99,"758 Spruce St, Los Angeles, CA 90001",A,Female,Credit card,3-15-2019
177364,ThinkPad Laptop,1,999.99,"938 Forest St, Los Angeles, CA 90001",C,Female,Credit card,3-15-2019
177365,AAA Batteries (4-pack),1,2.99,"18 9th St, San Francisco, CA 94016",A,Male,Cash,3-15-2019
177366,Apple Airpods Headphones,1,150,"81 13th St, New York City, NY 10001",A,Male,Credit card,3-15-2019
177367,Google Phone,1,600,"141 Chestnut St, San Francisco, CA 94016",A,Male,Ewallet,3-16-2019
177367,USB-C Charging Cable,1,11.95,"141 Chestnut St, San Francisco, CA 94016",C,Female,Credit card,3-16-2019
177367,Bose SoundSport Headphones,1,99.99,"141 Chestnut St, San Francisco, CA 94016",C,Female,Cash,3-16-2019
177368,USB-C Charging Cable,1,11.95,"209 2nd St, Seattle, WA 98101",A,Female,Cash,3-16-2019
177369,27in FHD Monitor,1,149.99,"329 North St, Boston, MA 02215",A,Male,Cash,3-16-2019
177370,Apple Airpods Headphones,1,150,"732 Forest St, New York City, NY 10001",A,Female,Ewallet,3-16-2019
177371,Bose SoundSport Headphones,1,99.99,"715 Church St, Los Angeles, CA 90001",C,Male,Ewallet,3-16-2019
177372,27in 4K Gaming Monitor,1,389.99,"61 Spruce St, San Francisco, CA 94016",B,Female,Ewallet,3-16-2019
177373,27in FHD Monitor,1,149.99,"564 Lake St, San Francisco, CA 94016",A,Female,Ewallet,3-16-2019
177374,Lightning Charging Cable,1,14.95,"829 Dogwood St, San Francisco, CA 94016",B,Female,Cash,3-17-2019
177375,Wired Headphones,1,11.99,"513 West St, Boston, MA 02215",B,Male,Cash,3-17-2019
177376,AAA Batteries (4-pack),1,2.99,"670 7th St, San Francisco, CA 94016",A,Female,Cash,3-17-2019
177377,Wired Headphones,1,11.99,"369 Hickory St, Dallas, TX 75001",B,Male,Cash,3-17-2019
177378,Bose SoundSport Headphones,1,99.99,"504 Lake St, San Francisco, CA 94016",A,Female,Cash,3-17-2019
177379,Google Phone,1,600,"673 South St, Boston, MA 02215",C,Female,Ewallet,3-17-2019
177380,Lightning Charging Cable,1,14.95,"512 Center St, Atlanta, GA 30301",A,Male,Ewallet,3-18-2019
177381,Bose SoundSport Headphones,1,99.99,"887 Hickory St, Dallas, TX 75001",B,Female,Credit card,3-18-2019
177382,Apple Airpods Headphones,1,150,"843 13th St, San Francisco, CA 94016",B,Female,Cash,3-18-2019
177383,LG Dryer,1,600,"759 Spruce St, Austin, TX 73301",A,Female,Cash,3-18-2019
177384,Flatscreen TV,1,300,"425 Jackson St, New York City, NY 10001",C,Male,Ewallet,3-18-2019
177385,Macbook Pro Laptop,1,1700,"27 Adams St, San Francisco, CA 94016",B,Male,Credit card,3-18-2019
177386,34in Ultrawide Monitor,1,379.99,"154 South St, Atlanta, GA 30301",C,Female,Ewallet,3-18-2019
177387,AA Batteries (4-pack),1,3.84,"218 10th St, Austin, TX 73301",C,Male,Credit card,3-19-2019
177388,Lightning Charging Cable,1,14.95,"651 8th St, Boston, MA 02215",A,Male,Ewallet,3-19-2019
177389,Lightning Charging Cable,2,14.95,"672 West St, Seattle, WA 98101",A,Male,Credit card,3-19-2019
177390,Wired Headphones,1,11.99,"494 Hickory St, Los Angeles, CA 90001",C,Male,Ewallet,3-19-2019
177391,AA Batteries (4-pack),1,3.84,"477 Jackson St, San Francisco, CA 94016",B,Female,Cash,3-19-2019
177392,USB-C Charging Cable,1,11.95,"139 5th St, Atlanta, GA 30301",A,Male,Cash,3-19-2019
177393,27in FHD Monitor,1,149.99,"903 Center St, Dallas, TX 75001",A,Male,Credit card,3-19-2019
177394,Apple Airpods Headphones,1,150,"144 Cherry St, Seattle, WA 98101",C,Male,Ewallet,3-19-2019
177395,34in Ultrawide Monitor,1,379.99,"22 Main St, San Francisco, CA 94016",C,Male,Cash,3-19-2019
177396,Wired Headphones,1,11.99,"217 Hill St, Boston, MA 02215",B,Male,Cash,3-19-2019
177397,20in Monitor,1,109.99,"438 Park St, Austin, TX 73301",A,Female,Credit card,3-19-2019
177398,27in FHD Monitor,1,149.99,"640 8th St, Los Angeles, CA 90001",B,Female,Ewallet,3-19-2019
177398,AAA Batteries (4-pack),1,2.99,"640 8th St, Los Angeles, CA 90001",B,Female,Ewallet,3-19-2019
177399,AAA Batteries (4-pack),1,2.99,"739 North St, San Francisco, CA 94016",C,Female,Credit card,3-19-2019
177400,USB-C Charging Cable,2,11.95,"964 Ridge St, Portland, ME 04101",B,Male,Credit card,3-19-2019
177401,Flatscreen TV,1,300,"393 Hickory St, Los Angeles, CA 90001",A,Female,Ewallet,3-19-2019
177402,AAA Batteries (4-pack),2,2.99,"447 10th St, New York City, NY 10001",A,Female,Cash,3-20-2019
177403,Bose SoundSport Headphones,1,99.99,"717 6th St, New York City, NY 10001",A,Male,Cash,3-20-2019
177404,Bose SoundSport Headphones,1,99.99,"890 Dogwood St, Los Angeles, CA 90001",A,Male,Ewallet,3-20-2019
177405,Lightning Charging Cable,1,14.95,"564 Pine St, San Francisco, CA 94016",A,Female,Ewallet,3-20-2019
177406,AA Batteries (4-pack),2,3.84,"547 Sunset St, San Francisco, CA 94016",C,Female,Ewallet,3-20-2019
177407,USB-C Charging Cable,1,11.95,"339 Spruce St, Boston, MA 02215",A,Male,Ewallet,3-20-2019
177408,Bose SoundSport Headphones,1,99.99,"53 2nd St, San Francisco, CA 94016",C,Female,Cash,3-20-2019
177409,USB-C Charging Cable,1,11.95,"577 South St, Portland, OR 97035",B,Female,Cash,3-20-2019
177410,Lightning Charging Cable,1,14.95,"257 Wilson St, Atlanta, GA 30301",C,Female,Credit card,3-20-2019
177411,Wired Headphones,1,11.99,"94 Maple St, Boston, MA 02215",B,Male,Cash,3-20-2019
177412,Apple Airpods Headphones,1,150,"557 Pine St, Boston, MA 02215",B,Male,Credit card,3-20-2019
177413,Wired Headphones,1,11.99,"892 12th St, Seattle, WA 98101",B,Male,Credit card,3-20-2019
177414,AAA Batteries (4-pack),1,2.99,"151 Lakeview St, Boston, MA 02215",C,Male,Ewallet,3-20-2019
177415,34in Ultrawide Monitor,1,379.99,"505 10th St, Portland, ME 04101",C,Female,Cash,3-20-2019
177416,AAA Batteries (4-pack),1,2.99,"75 Spruce St, Los Angeles, CA 90001",C,Male,Cash,3-20-2019
177417,34in Ultrawide Monitor,1,379.99,"13 Cherry St, San Francisco, CA 94016",A,Male,Ewallet,3-21-2019
177418,Wired Headphones,1,11.99,"440 Cherry St, Dallas, TX 75001",C,Female,Credit card,3-21-2019
177419,Lightning Charging Cable,1,14.95,"604 South St, Boston, MA 02215",B,Male,Ewallet,3-21-2019
177420,Lightning Charging Cable,1,14.95,"593 Chestnut St, San Francisco, CA 94016",A,Female,Credit card,3-21-2019
177421,AAA Batteries (4-pack),1,2.99,"818 9th St, San Francisco, CA 94016",A,Male,Cash,3-21-2019
177422,Macbook Pro Laptop,1,1700,"368 Jackson St, San Francisco, CA 94016",C,Female,Ewallet,3-21-2019
177423,Wired Headphones,1,11.99,"897 7th St, Dallas, TX 75001",C,Female,Cash,3-22-2019
177424,USB-C Charging Cable,1,11.95,"915 Walnut St, New York City, NY 10001",C,Male,Credit card,3-22-2019
177425,AAA Batteries (4-pack),1,2.99,"234 6th St, San Francisco, CA 94016",B,Female,Credit card,3-22-2019
177426,Wired Headphones,1,11.99,"988 West St, New York City, NY 10001",A,Female,Ewallet,3-22-2019
177427,Bose SoundSport Headphones,1,99.99,"216 Washington St, Atlanta, GA 30301",B,Female,Credit card,3-22-2019
177428,Vareebadd Phone,1,400,"481 Jefferson St, Boston, MA 02215",B,Female,Credit card,3-22-2019
177428,USB-C Charging Cable,1,11.95,"481 Jefferson St, Boston, MA 02215",C,Female,Ewallet,3-22-2019
177429,Wired Headphones,1,11.99,"685 Maple St, Los Angeles, CA 90001",A,Female,Cash,3-22-2019
177430,iPhone,1,700,"821 Sunset St, Seattle, WA 98101",A,Male,Ewallet,3-22-2019
177431,AA Batteries (4-pack),2,3.84,"942 Jackson St, Austin, TX 73301",A,Female,Cash,3-22-2019
177432,Apple Airpods Headphones,1,150,"686 North St, San Francisco, CA 94016",C,Female,Cash,3-23-2019
177433,27in FHD Monitor,1,149.99,"377 Park St, Boston, MA 02215",C,Male,Credit card,3-23-2019
177434,USB-C Charging Cable,1,11.95,"456 13th St, New York City, NY 10001",A,Female,Cash,3-23-2019
177435,USB-C Charging Cable,1,11.95,"290 Johnson St, Dallas, TX 75001",B,Male,Ewallet,3-23-2019
177436,Lightning Charging Cable,1,14.95,"150 Hickory St, New York City, NY 10001",B,Female,Ewallet,3-23-2019
177437,Wired Headphones,1,11.99,"792 Cedar St, New York City, NY 10001",C,Female,Credit card,3-23-2019
177438,Wired Headphones,1,11.99,"430 Ridge St, New York City, NY 10001",B,Female,Cash,3-23-2019
177439,Lightning Charging Cable,1,14.95,"735 Ridge St, San Francisco, CA 94016",C,Female,Credit card,3-23-2019
177440,Macbook Pro Laptop,1,1700,"156 Hickory St, Los Angeles, CA 90001",C,Female,Credit card,3-23-2019
177441,iPhone,1,700,"559 Elm St, Dallas, TX 75001",C,Female,Ewallet,3-23-2019
177441,Lightning Charging Cable,1,14.95,"559 Elm St, Dallas, TX 75001",B,Female,Ewallet,3-23-2019
177442,AAA Batteries (4-pack),1,2.99,"380 Church St, New York City, NY 10001",B,Male,Credit card,3-24-2019
177443,Apple Airpods Headphones,1,150,"23 9th St, Dallas, TX 75001",A,Female,Credit card,3-24-2019
177443,27in 4K Gaming Monitor,1,389.99,"23 9th St, Dallas, TX 75001",B,Female,Credit card,3-24-2019
177444,34in Ultrawide Monitor,1,379.99,"670 Elm St, Atlanta, GA 30301",B,Male,Ewallet,3-24-2019
177445,Lightning Charging Cable,1,14.95,"614 Meadow St, Austin, TX 73301",B,Male,Ewallet,3-24-2019
177446,Lightning Charging Cable,1,14.95,"399 10th St, Austin, TX 73301",C,Female,Credit card,3-24-2019
177447,AA Batteries (4-pack),3,3.84,"882 River St, Boston, MA 02215",A,Female,Ewallet,3-24-2019
177448,Google Phone,1,600,"915 Forest St, Los Angeles, CA 90001",C,Male,Ewallet,3-24-2019
177448,USB-C Charging Cable,1,11.95,"915 Forest St, Los Angeles, CA 90001",B,Female,Ewallet,3-24-2019
177449,Macbook Pro Laptop,1,1700,"272 Lakeview St, Portland, OR 97035",C,Male,Ewallet,3-24-2019
177450,ThinkPad Laptop,1,999.99,"525 Meadow St, New York City, NY 10001",C,Female,Ewallet,3-24-2019
177451,USB-C Charging Cable,1,11.95,"947 Hickory St, San Francisco, CA 94016",A,Female,Cash,3-25-2019
177452,Wired Headphones,1,11.99,"987 Forest St, San Francisco, CA 94016",A,Female,Cash,3-25-2019
177453,iPhone,1,700,"865 Sunset St, Portland, OR 97035",C,Female,Ewallet,3-25-2019
177454,Lightning Charging Cable,1,14.95,"136 14th St, San Francisco, CA 94016",A,Male,Ewallet,3-25-2019
177455,Bose SoundSport Headphones,1,99.99,"864 North St, Austin, TX 73301",C,Male,Cash,3-25-2019
177456,Flatscreen TV,1,300,"729 10th St, Los Angeles, CA 90001",A,Female,Ewallet,3-25-2019
177457,27in 4K Gaming Monitor,1,389.99,"753 North St, New York City, NY 10001",A,Male,Credit card,3-25-2019
177458,Macbook Pro Laptop,1,1700,"807 Wilson St, Dallas, TX 75001",A,Male,Cash,3-25-2019
177459,AA Batteries (4-pack),1,3.84,"283 10th St, San Francisco, CA 94016",A,Female,Credit card,3-25-2019
177460,USB-C Charging Cable,2,11.95,"890 2nd St, San Francisco, CA 94016",C,Male,Credit card,3-26-2019
177461,27in 4K Gaming Monitor,1,389.99,"396 7th St, Boston, MA 02215",B,Male,Ewallet,3-26-2019
177462,34in Ultrawide Monitor,1,379.99,"792 Meadow St, Seattle, WA 98101",C,Male,Ewallet,3-26-2019
177463,USB-C Charging Cable,1,11.95,"321 Pine St, Los Angeles, CA 90001",B,Female,Ewallet,3-26-2019
177464,Bose SoundSport Headphones,1,99.99,"777 7th St, San Francisco, CA 94016",B,Male,Ewallet,3-26-2019
177465,Macbook Pro Laptop,1,1700,"655 13th St, Boston, MA 02215",B,Female,Ewallet,3-26-2019
177466,Apple Airpods Headphones,1,150,"104 Elm St, San Francisco, CA 94016",B,Female,Ewallet,3-26-2019
177467,Lightning Charging Cable,1,14.95,"810 Hill St, Atlanta, GA 30301",C,Female,Cash,3-26-2019
177468,Bose SoundSport Headphones,1,99.99,"226 Park St, Los Angeles, CA 90001",B,Male,Cash,3-26-2019
177469,34in Ultrawide Monitor,1,379.99,"293 10th St, San Francisco, CA 94016",A,Female,Cash,3-26-2019
177470,Apple Airpods Headphones,1,150,"168 7th St, New York City, NY 10001",C,Male,Cash,3-26-2019
177471,Lightning Charging Cable,1,14.95,"410 Forest St, San Francisco, CA 94016",B,Male,Cash,3-26-2019
177472,Bose SoundSport Headphones,1,99.99,"399 West St, San Francisco, CA 94016",C,Female,Cash,3-26-2019
177473,Macbook Pro Laptop,1,1700,"844 12th St, New York City, NY 10001",A,Female,Cash,3-27-2019
177474,Wired Headphones,1,11.99,"768 North St, New York City, NY 10001",C,Male,Cash,3-27-2019
177475,AAA Batteries (4-pack),3,2.99,"187 Spruce St, San Francisco, CA 94016",A,Male,Cash,3-27-2019
177476,Bose SoundSport Headphones,1,99.99,"354 8th St, San Francisco, CA 94016",A,Female,Credit card,3-27-2019
177477,AAA Batteries (4-pack),1,2.99,"339 5th St, New York City, NY 10001",C,Male,Cash,3-27-2019
177478,USB-C Charging Cable,1,11.95,"570 Elm St, Atlanta, GA 30301",B,Male,Credit card,3-27-2019
177479,ThinkPad Laptop,1,999.99,"941 Jefferson St, Boston, MA 02215",B,Female,Credit card,3-27-2019
177480,34in Ultrawide Monitor,1,379.99,"560 Lake St, Austin, TX 73301",A,Female,Ewallet,3-27-2019
177481,iPhone,1,700,"135 Forest St, Dallas, TX 75001",A,Male,Credit card,3-27-2019
177482,Bose SoundSport Headphones,1,99.99,"694 12th St, Portland, OR 97035",A,Female,Cash,3-27-2019
177483,27in FHD Monitor,1,149.99,"904 Forest St, Portland, OR 97035",B,Female,Credit card,3-28-2019
177484,USB-C Charging Cable,1,11.95,"574 Willow St, Portland, ME 04101",B,Female,Credit card,3-28-2019
177485,Bose SoundSport Headphones,1,99.99,"184 4th St, New York City, NY 10001",B,Male,Ewallet,3-28-2019
177486,ThinkPad Laptop,1,999.99,"809 Highland St, Seattle, WA 98101",B,Male,Cash,3-28-2019
177486,Google Phone,1,600,"809 Highland St, Seattle, WA 98101",A,Male,Cash,3-28-2019
177487,Bose SoundSport Headphones,1,99.99,"770 Main St, Dallas, TX 75001",C,Male,Cash,3-28-2019
177488,27in FHD Monitor,1,149.99,"181 Meadow St, Boston, MA 02215",B,Male,Credit card,3-28-2019
177489,Bose SoundSport Headphones,1,99.99,"364 Ridge St, San Francisco, CA 94016",A,Female,Cash,3-28-2019
177490,AA Batteries (4-pack),3,3.84,"574 Park St, San Francisco, CA 94016",B,Male,Ewallet,3-28-2019
177491,Apple Airpods Headphones,1,150,"459 Walnut St, San Francisco, CA 94016",B,Female,Credit card,3-28-2019
177492,ThinkPad Laptop,1,999.99,"60 Ridge St, San Francisco, CA 94016",B,Female,Credit card,3-29-2019
177493,Apple Airpods Headphones,1,150,"940 Church St, San Francisco, CA 94016",C,Male,Cash,3-29-2019
177494,AA Batteries (4-pack),1,3.84,"480 North St, Seattle, WA 98101",A,Male,Cash,3-29-2019
177495,Flatscreen TV,1,300,"698 Cherry St, San Francisco, CA 94016",A,Female,Ewallet,3-29-2019
177496,iPhone,1,700,"241 Walnut St, Los Angeles, CA 90001",C,Male,Cash,3-29-2019
177497,ThinkPad Laptop,1,999.99,"135 6th St, San Francisco, CA 94016",C,Male,Cash,3-29-2019
177498,Lightning Charging Cable,1,14.95,"624 8th St, Austin, TX 73301",B,Female,Ewallet,3-29-2019
177499,Bose SoundSport Headphones,1,99.99,"92 Willow St, Los Angeles, CA 90001",B,Female,Ewallet,3-29-2019
177500,Bose SoundSport Headphones,1,99.99,"841 South St, Boston, MA 02215",B,Male,Credit card,3-30-2019
177501,Wired Headphones,1,11.99,"888 14th St, Seattle, WA 98101",C,Male,Ewallet,3-30-2019
177502,AAA Batteries (4-pack),2,2.99,"311 Meadow St, Dallas, TX 75001",B,Male,Credit card,3-30-2019
177503,Wired Headphones,1,11.99,"662 Cherry St, San Francisco, CA 94016",A,Female,Credit card,3-30-2019
177504,Google Phone,1,600,"19 Cedar St, Boston, MA 02215",B,Female,Ewallet,3-30-2019
177504,USB-C Charging Cable,1,11.95,"19 Cedar St, Boston, MA 02215",A,Male,Ewallet,3-30-2019
177505,ThinkPad Laptop,1,999.99,"823 Johnson St, Seattle, WA 98101",B,Male,Ewallet,3-30-2019
177506,iPhone,1,700,"656 Pine St, Los Angeles, CA 90001",C,Female,Ewallet,3-30-2019
177506,Apple Airpods Headphones,1,150,"656 Pine St, Los Angeles, CA 90001",C,Male,Ewallet,3-30-2019
177507,AAA Batteries (4-pack),1,2.99,"825 2nd St, Portland, OR 97035",B,Female,Ewallet,3-30-2019
177508,Bose SoundSport Headphones,1,99.99,"845 Lakeview St, San Francisco, CA 94016",A,Male,Cash,3-30-2019
